diversity,equity,inclusion
color,variance,reach
difference,highest,contribute
enter,estimate,approach
pleased,credit,operating_margin
rona,loan,flat
aspect,sector,in_spite_of
maintain,worth,drop
basic,originate,segment
extent,front,advertising_promotion
simply,exceed,strongly
speak,remainder,gain
sometimes,normal,represent
research,pay,achieve
ship,later,move_ahead
type,sustained,low
stage,consistently,negatively
easier,activity,international
site,money,investment
run_rate,real,brand_growth
create,secondly,plus
main,consistency,operating_loss
unchanged,pound,profitability
offer,line_expenditure,positive
traditional,exchange,softness
occur,acquire,eps
carrier,order,food
wonder,marketing,business_segment
board,transaction_volume,compare_with
practical,trading,euro
set,bottom,ep
tail_brand,period,technology_sale
confidence,supplier,reduce
press_release,personal,home_personal_care
general,dilute,operate
unique,close_to,drive
fewer,soft,small
summarize,driver,underlie_sale_growth
describe,end,trend
reality,traffic,across
view,interest_rate,key
major,5m,growth_rate
sound,enjoy,substantial
become,flow,basis
path-to-growth,dilution,sequentially
trader,program,gross
fully,furniture,per
goal,hair,almost
proud,outside,however
customer_segment,partly,comparable
already,bit,little
cycle,addition,thirdly
basically,delivery,price
many_of,affect,balance
important,neighborhood,comp_sale
limit,deliver,positively
strategic,underlying,phasing_innovation
event,something,lead
management_team,step-up,efficiency
portfolio,highlight,somewhat
problem,enable,decrease
dry,sale_decline,generate
differentiate,consolidated,reduction
waste,rapid,average
long-term,operating_expense,near
contract,primary,operation
professional,complete,cash_flow
review,firm,local_currency
center,initial,return
commit,earlier,extraordinary
easy,health,domestic
form,produce,level
size,exchange_rate,ongoing
summary,sit,central
optimistic,ice_cream,momentum
at_least,establish,volume
feed,worldwide,compare
separate,relatively,far
ensure,wireless,half
decision,expand,significantly
shift,foundation,rate
flexibility,innovation_program,firstly
application,purchase,primarily
pick_up,prior,annum
face,run,loss
in_order,phase,range
a_couple_of,due,rise
slide,pickup,income
mortgage_business,enhance,show
enough,clear,double
relate,sale_trend,slightly
power,substantially,say_earlier
various,condition,contribution
lift,due_to,internationally
true,start_up,personal_care
separately,situation,sustain
hope,in_addition_to,close
entire,spread,particularly
possible,largely,operate_margin
crisis,least,benefit
advantage,restore,cost
bank,release,tax
perspective,facility,underlie_sale
leave,come_up,market_share
vessel,intend,region
price_increase,operating_model,store
late,balance_sheet,move
equipment,forecast,bring
appropriate,steady,still
investor,successfully,rest
buy-back,reason,approximately
as_well_as,model,earnings
industry,meet,revenue
short,stock,high
local,stay,country
solid,deduct,against
receive,innovation_plan,remain
extremely,outstanding,disposal
stick,help,diluted
recycle,fico_score,another
commercial,feature,operating_profit
maximize,turnover,respect
management,fairly,offset
relative,clearly,retail
integration,proportion,along
marketplace,measure,also
property,laundry,margin
deodorant,amount,account
news,refinance,acquisition
support,mid,sort
involve,brokerage_revenue,part
such_as,free,expect
instead_of,continued,sale_growth
datum,absolute,percent
action,page,around
specific,so_that,since
deal,shareholder_value,invest
greater,encourage,come
geography,anticipate,start
component,larger,gross_margin
projection,associate,lead_brand
team,food_service,ahead
else,consistent,focus
duty,depend,plan
excellent,access,little_bit
regard,towards,share
every,chain,higher
channel,somewhere,comp
find,go_on,include
course,track,area
multiple,stronger,turn
fire,food_business,actually
influence,dressing,forward
slow,project,term
likely,faster,innovation
material,cost_increase,market
sense,ever,particular
exactly,strength,example
make_sure,secure,well
charge,cash,number
whether,weak,good
remark,either,economic
indication,mine,behind
generally,many,business
back-end,early,might
convert,within,technology
weather,debt_level,probably
cash_operating_margin,sequential,a_lot_of
break_out,despite,people
aggressive,currency,use
business_model,comparator,work
light,expense,tell
history,obviously,
brief,fee,
recovery,yet,
execute,skin,
store_manager,recover,
widen,volume_growth,
global,capital,
step,longer,
schedule,go_forward,
quickly,improve_profitability,
pressure,cost_structure,
certain,overhead,
tough,initiative,
full,top,
challenging,equal,
group,streamline,
hit,single,
anniversary,successful,
diversify,common,
environment,excess,
demonstrate,equity,
record,less,
normally,encouraging,
room,whole,
accomplish,develop_emerge,
unusual,sale_force,
uncertainty,because_of,
ability,double-digit,
trade,strategy,
competitor,direct,
similar,hold,
pace,put,
mortgage,expansion,
able,exit,
happy,essentially,
dove,transaction,
source,metal_price,
beyond,even,
allow,powerful,
private,additional,
startup,comparison,
biggest,service,
explain,partially,
intensive,confident,
tea,pricing,
implementation,operational,
weakness,fact,
prepare,effective,
extract,comfortable,
outlook,attrition,
valuable,speech,
consider,category,
ready,line,
concern,quality,
active,pricing_action,
largest,combination,
savory,performance,
decide,inventory,
frankly,asset,
begin,softer,
platform,significant,
effort,experience,
picture,operating_income,
consumer,process,
response,quite,
brokerage,media_rate,
planned,production,
assume,large,
space,debt,
leader,smaller,
calculation,develop,
sustainable,target,
directionally,moment,
nothing,demand,
variable,as_well,
potential,more_than,
conference,leverage,
frozen,profitable,
wish,percentage,
everybody,scale,
market_condition,accelerate,
away,build,
restructuring,sell,
warehouse,tax_rate,
conclude,manage,
implement,world,
ametron,profit,
development,exclude,
long,brand,
savings,back-to-school,
harvest,interest,
exist,throughout,
perhaps,remember,
recognize,digit,
one,together,
mode,goodwill_amortization,
roll,per_share,
guidance,effect,
initiate,perform,
easily,economy,
out_of,opportunity,
request,position,
related,division,
subject,mention,
strengthen,note,
transfer,progress,
case,mix,
away_from,spend,
never,exceptional_item,
competition,open,
market_position,consecutive,
integrate,difficult,
advertising,maybe,
huge,announce,
discussion,sign,
lack,happen,
everything,,
big,,
financial,,
devaluation,,
seem,,
several,,
ramp,,
option,,
wait,,
aaron_regent,,
appear,,
a_number_of,,
executive,,
effectively,,
objective,,
challenge,,
trust,,
employee,,
need,,
shareholder,,
contract_business,,
word,,
always,,
insight,,
success,,
finally,,
certainly,,
as_to,,
thank_much,,
control,,
detail,,
update,,
emphasis,,
dependent,,
tail,,
follow,,
understand,,
listen-only,,
side,,
ma'am,,
quick,,
competitive,,
meaning,,
all_of,,
job,,
sorry,,
promotion,,
tend,,
matter,,
ask,,
reminder,,
sure,,
closely,,
introduce,,
next,,
conduct,,
difficulty,,
some_of,,
buy,,
qualify,,
remind,,
place,,
operator_caller,,
institutional,,
fast,,
statement,,
direction,,
register,,
correct,,
issue,,
risk_uncertainty,,
keep,,
last,,
touch-tone_phone,,
independent,,
value,,
anything,,
kind,,
available,,
pa.to,,
read,,
