firm_id,diversity,inclusion,equity
1&1 Drillisch AG,0.024,0.3457,1.1061
36kr Holdings Inc,0.4921,1.9712,1.1615
AAC Holdings Inc,1.8294,0.906,0.6881
AAK AB (publ),0.4208,1.0191,0.2286
AB SKF,0.1625,1.4011,0.6049
ABB India Ltd,0.1423,0.8694,0.6556
ABN Amro Bank NV,1.5864,3.7419,7.1167
ACM Research Inc,0.0917,0.7765,0.5785
ADVA Optical Networking SE,0.18109999999999998,1.12405,0.9354499999999999
AGCO Corp,0.4938,2.0182,0.6734
AIB Group plc,1.2727,5.5043,6.5187
AIR Canada,0.407275,2.42735,0.7958999999999999
AK Alrosa PAO,0.448925,1.0949499999999999,0.817875
ALD SA,0.0365,0.7482,0.7583
ALM. Brand A/S,0.0634,0.5247,1.2442
AMAG Pharmaceuticals Inc,31.5088,1.3181,0.6567
AMC Entertainment Holdings Inc,0.1464,0.6021,0.5214
AP Moeller - Maersk A/S,0.2259,1.6867,3.36935
ARC Resources Ltd,0.2943,1.7945,0.8978
ASM International NV,0.2481,1.52005,0.51035
ASML Holding NV,1.4313,1.8867,8.1546
ASR Nederland NV,1.4417499999999999,4.2254000000000005,14.7529
AT&T Inc,0.2372,0.642,0.7358
AXIS Capital Holdings Ltd,0.1091,1.1470500000000001,0.96655
AZZ Inc,0.3354,1.0493,0.5742
Aalberts NV,0.2817,0.9132,0.9129
Aareal Bank AG,0.0997,0.5802,0.4841
Abacus Property Group,0.2213,1.7988,1.6634
Abcam PLC,3.5149,2.8412,0.8034
Abengoa SA,0.0,3.5473,0.7793
Abeona Therapeutics Inc,11.1126,1.7819,0.5914
Abiomed Inc,15.0709,0.9339,0.1426
Absolute Software Corp,0.9112,1.1928,0.7151
Accent Group Ltd,0.9822,0.5074,0.571
Acreage Holdings Inc,2.5541,3.9164,1.0911
Acuity Brands Inc,0.0281,2.5343,0.4621
AcuityAds Holdings Inc,0.0776,0.9225,0.8611
Adams Diversified Equity Fund Inc,0.0869,0.5475,0.5201
Adaptive Biotechnologies Corp,10.8938,0.9316,0.4415
AddLife AB,1.329925,1.118425,0.698925
Adesto Technologies Corp,0.0593,0.5402,0.5177
Adevinta ASA,0.11226666666666667,1.68,0.43096666666666666
Adidas AG,6.0278,3.56265,2.2580999999999998
Adient PLC,0.4288,0.2855,1.3183
Administradora de Activos Fibra Inn SC,0.0,0.6316,2.1439
Admiral Group PLC,0.2063,0.5764,0.3669
Adobe Inc,1.339925,3.776175,0.710275
Adva Optical Networking SE,0.363,1.0946500000000001,0.26325
Advanced Energy Industries Inc,0.0782,1.044,0.1133
Adverum Biotechnologies Inc,5.4792,0.5097,0.7696
Adyen NV,0.39495,1.20475,0.4888
Aecon Group Inc,0.2371,1.0281,0.4702
Aegon NV,0.9152,4.9653,9.2943
Aeroports de Paris SA,0.46205999999999997,1.23696,0.9964000000000001
Aflac Inc,1.5286,2.6307500000000004,3.3512
African Oxygen Ltd,0.5552,1.0292,0.923
Agilent Technologies Inc,2.0143,1.15,0.2901
Agilysys Inc,0.0,2.2131,0.7794
Agios Pharmaceuticals Inc,3.7278,1.3781,0.1239
Ahlstrom-Munksjo Oyj,0.1578,0.7401,1.1694
Air Liquide SA,1.1237,2.31135,3.9613
Air Products and Chemicals Inc,0.7904,0.7868,5.8317
Akbank TAS,0.0391,0.625,1.3409
Aker ASA,0.4871,1.0908,3.0502
Aker BP ASA,0.15804,1.40892,1.08458
Aker Solutions ASA,0.13319999999999999,1.31445,0.6077
Akka Technologies Se,0.73695,1.2852999999999999,0.7382
Akumin Inc,0.4745,0.3419,0.6122
Akzo Nobel NV,0.1657,0.7093,0.6552
Alarm.com Holdings Inc,0.54825,0.9528000000000001,0.39555
Alcoa Corp,0.1052,1.1051,1.3212
Alexander & Baldwin Inc,0.16866666666666666,0.8824722222222223,1.1437388888888889
Alexandria Real Estate Equities Inc,0.626,1.7602,0.8727
Alfa Laval AB,0.0,0.6164,0.3122
Alimentation Couche-Tard Inc,0.24105,1.5682999999999998,1.04665
Allegiant Travel Co,0.4829,0.9307,0.652
Allianz SE,0.46724,0.8454200000000001,1.7510999999999999
Allstate Corp,0.30893333333333334,0.55455,1.9043333333333334
Ally Financial Inc,0.51005,5.7719,2.78635
Almirall SA,1.9255,0.6044,1.1498
Alphabet Inc,0.9223,2.1005,1.1167
Alten SA,0.34253333333333336,0.7962666666666666,1.3409000000000002
Alteryx Inc,0.6655,1.8265,0.2092
Altice USA Inc,1.0146,0.5676,0.5402
Altran Technologies SA,0.2546,1.1545,0.9618
Altria Group Inc,3.0634,1.1458,1.7516
Alupar Investimento SA,0.0,1.0178,1.3523
Amadeus It Group SA,0.0994,0.3185,0.197
Amarin Corporation PLC,5.4484,2.7745,0.5669
Amaysim Australia Ltd,0.3183,1.3486,1.1982
Amdocs Ltd,0.0906,0.9676,0.4404
American Axle & Manufacturing Holdings Inc,0.0,0.2227,0.4706
American Express Co,0.4491,1.0083,0.2203
American Public Education Inc,1.38,1.1955,0.8962
American Tower Corp,0.7255,1.38,0.3694
AmerisourceBergen Corp,1.4201,2.7506,1.0237
Amneal Pharmaceuticals Inc,2.0712,0.5373,0.2247
Amphenol Corp,0.0981,1.3102,0.7788
Amplifon SpA,0.503,0.779,0.827675
Ams AG,0.0393,1.1754,1.2617
Amyris Inc,1.5171999999999999,1.33185,1.0282
Anadolu Efes Biracilik ve Malt Sanayii AS,0.6042,1.8355,0.2605
Anaplan Inc,0.1922,1.8938,0.4676
AngioDynamics Inc,1.5238,0.8722,0.3614
Anheuser Busch Inbev NV,0.7150000000000001,2.753375,0.6374
Ansell Ltd,0.47785,2.9455,2.3531
Anterix Inc,0.2072,2.1947,1.7306
Antofagasta PLC,1.5897,8.209,1.9561
Aon PLC (UK),0.6855,2.5893,0.7292
Apartment Investment and Management Co,0.1456,1.2871,1.0142
Apax Global Alpha Ltd,0.1466,0.6935,1.3247
Aphria Inc,1.0162,1.357,0.5411
Apollo Investment Corp,0.1525,0.64,1.0439
Appen Ltd,0.3254,1.7067,0.8722
Appian Corp,0.0916,0.6716,0.2818
Applied Materials Inc,0.5326,1.345675,0.43400000000000005
Aptinyx Inc,21.8443,0.9515,0.1439
Aptiv PLC,0.15445,1.130725,0.4833
Apyx Medical Corp,0.42364999999999997,3.0694,0.733525
Aqua Metals Inc,0.0712,0.7544,1.0774
Argosy Property Ltd,0.0465,0.3793,0.6567
Aristocrat Leisure Ltd,2.7281,5.2672,3.7661
Aritzia Inc,1.0673,1.3216,0.1238
Arrow Global Group PLC,0.2149,0.8944,1.4899
Artis Real Estate Investment Trust,0.3545,0.0243,1.5541
Asahi Kasei Corp,0.13585,0.62095,0.17085
Ascendis Pharma A/S,8.7691,0.9265,1.0296
Ascom Holding AG,0.5071,1.6241,0.6191
Ashok Leyland Ltd,0.0498,1.0952,0.7067
Asian Paints Ltd,0.1243,0.46924999999999994,0.5297000000000001
Aspen Pharmacare Holdings Ltd,0.3736,0.5528,0.7224
Associated Banc-Corp,0.137,0.4813,0.633
AstroNova Inc,0.2751,0.581,0.4132
Atea ASA,0.3234,1.3996,0.441
Athenex Inc,12.484,0.5634,1.2278
Atlantica Sustainable Infrastructure PLC,0.0,0.9606,0.848
Atlas Copco AB,0.0,0.6619,0.1515
Atlassian Corporation PLC,0.4423,2.2544,0.7261
Atomera Inc,0.0,1.3978,0.3408
Atos SE,1.2572,5.0252,11.4786
Atresmedia Corporacion de Medios de Comunicacion SA,0.34556666666666674,0.23640000000000003,0.5442333333333333
AtriCure Inc,15.1389,1.2756,0.179
Atrium European Real Estate Ltd,0.3988,0.1893,1.6415
Atrium Ljungberg AB,0.6865,1.1168,0.4087
Attendo AB (publ),2.666,1.8535,0.6626
Aurobindo Pharma Ltd,0.5286,0.4348,0.7778
Aurora Mobile Ltd,0.3273,0.7479,1.3185
Australian Pharmaceutical Industries Ltd,1.5186,2.9863,4.2259
Autolus Therapeutics PLC,7.9855,0.3387,0.2746
Automatic Data Processing Inc,0.40305,2.2585,0.94145
Avalara Inc,0.49685,0.8412999999999999,1.03755
Avanti Feeds Ltd,0.08885,1.2119499999999999,0.6392
Avanza Bank Holding AB,0.3889,0.5928,0.7916
Avient Corp,0.4612,1.2184,0.5118
Avis Budget Group Inc,0.0,0.621,0.3924
Aviva PLC,0.1798,1.4106,1.0925
Avnet Inc,0.587,0.2495,0.49865000000000004
Avon Products Inc,1.809,5.3733,1.2101
Awilco Drilling PLC,0.112125,1.1481,1.138225
Axcelis Technologies Inc,0.0,0.446,0.0633
Axfood AB,0.2014,0.3479,0.3433
Axiata Group Bhd,0.0,0.564,2.5083
Axsome Therapeutics Inc,12.5791,0.6944,0.7362
Axway Software SA,0.07213333333333334,2.354433333333333,0.6122666666666666
Ayala Corp,1.3134,5.2906,5.057
Ayala Land Inc,1.1355,6.1603,6.1813
Aytu BioScience Inc,2.7812,1.2341,1.1247500000000001
Azul SA,0.46695,1.5208499999999998,1.13965
Azure Power Global Ltd,0.4696,1.3898,0.98965
B. Riley Financial Inc,0.0,0.6114,3.3712
B2W Companhia Digital,0.13035,1.26595,0.77685
B3 SA Brasil Bolsa Balcao,0.224525,0.975275,1.885275
BASF SE,0.1274,1.0577,0.9966
BB Seguridade Participacoes SA,0.375175,0.5878000000000001,1.157575
BCE Inc,0.0808,0.9111,0.4399
BG Staffing Inc,0.55,3.3138,0.8966
BOK Financial Corp,0.27442500000000003,0.9582499999999999,0.9993249999999999
BRF SA,0.8038333333333334,2.188466666666667,0.66595
BT Group PLC,0.0549,1.0745,0.6391
BTB Real Estate Investment Trust,0.0,0.1503,2.121
BTS Group Holdings PCL,0.3097,2.0417,1.7303
BWP Trust,0.0,0.493,1.0061
Badger Meter Inc,0.1062,0.7139,1.3467
Bajaj Auto Ltd,0.33465,0.39495,0.7017
Baker Hughes Co,0.0,0.7577,0.2723
Banca Farmafactoring SpA,0.014766666666666666,0.23840000000000003,1.3610333333333333
Banca IFIS SpA,0.0,0.3392,0.5869
Banco BTG Pactual SA,0.1097,0.9862500000000001,1.6183999999999998
Banco Bbva Argentina SA,0.22215000000000001,0.89985,3.0349000000000004
Banco Bilbao Vizcaya Argentaria SA,0.257825,0.78565,0.9490999999999999
Banco Bradesco SA,0.22282857142857143,1.2721285714285713,1.3138
Banco Comercial Portugues SA,0.1887,1.7066,2.2544
Banco Santander Brasil SA,0.64735,1.513,1.2798
Banco Santander SA,0.192725,0.9245,1.2917750000000001
Banco de Chile,0.2551,1.444,1.0777
Banco de Credito e Inversiones,0.3293,1.8031,0.8438
Banco do Brasil SA,0.433475,1.049475,1.6888
Bang & Olufsen A/S,0.0,1.0537,1.0504
Bank Hapoalim BM,0.0,3.1823,1.4663
Bank Ozk,0.2542,1.1142,0.7107
Bank Sankt-Peterburg PAO,0.0384,0.6479,1.1631
Bank of America Corp,0.210325,1.4249,0.734025
Bank of Ireland Group plc,1.4912,5.6376,6.7665
Bank of Marin Bancorp,0.0,0.3018,0.9552
Bank of Montreal,0.68356,2.83744,1.6227399999999998
Bank of New York Mellon Corp,0.0,0.962,0.3101
Bank of Nova Scotia,2.012166666666667,4.936599999999999,2.9997666666666665
Bank of Queensland Ltd,2.027,12.9508,5.6637
Bank of the Philippine Islands,0.8273,3.0718,6.4429
Bankia SA,0.15106666666666668,0.8328333333333333,0.6359
Banner Corp,0.1474,0.8706,0.6618
Barclays PLC,0.0,0.3197,1.8964
Barco NV,0.2368,0.5234,0.34395
Barnes Group Inc,0.276,1.1085,0.3677
Bavarian Nordic A/S,8.6442,1.1412,0.7095
Baxter International Inc,0.7341,2.0565,0.6986
BayWa AG,0.2798,0.3588,1.01845
Bayer AG,9.43695,6.598050000000001,4.7263
Baywa AG,0.1802,0.5066,0.6113500000000001
Becton Dickinson and Co,1.5335,5.3836,2.6958
Bed Bath & Beyond Inc,0.4034,2.2716,0.5031
Berkshire Hathaway Inc,2.296,1.5446,2.66
Best Buy Co Inc,0.5231,2.1108,0.7356
Bharat Petroleum Corporation Ltd,0.0,0.30474999999999997,1.2015500000000001
Bilfinger SE,0.265575,0.81535,0.5585
Biogaia AB,3.5368,0.2977,0.2864
Biogen Inc,7.88075,2.6829,0.5959
Blackline Inc,0.4692,1.9244,0.8478
Blue Star Ltd,0.1206,0.5977,0.6591
BlueScope Steel Ltd,1.2332,12.5617,5.9889
Bodycote PLC,0.0,0.4101,0.2589
Boeing Co,0.6953,3.9494,0.5602
Booz Allen Hamilton Holding Corp,0.1576,2.1726,0.1581
Boralex Inc,0.3967333333333333,0.9603666666666667,0.6739666666666667
Borregaard ASA,0.3772,0.9622,2.728533333333333
Bouygues SA,0.1564,1.1689,1.4585
Boyd Group Income Fund,0.0,1.5625,2.4705
Bper Banca SpA,0.1394,1.1226,1.0269
Bpost SA,0.381125,0.54865,0.7913749999999999
Brambles Ltd,0.56765,3.1771499999999997,4.00745
Brandywine Realty Trust,0.1415,0.5668,0.2313
Brasilagro Companhia Brasileira de Propriedades Agricolas,0.0,1.0639,1.7906
Braskem SA,0.5787333333333333,1.6062666666666665,1.1336666666666666
Bravida Holding AB,0.0,0.599,0.2159
Brenntag AG,0.3213,0.4305,1.0166
Briggs & Stratton Corp,0.11255,1.01535,1.25725
Bright Scholar Education Holdings Ltd,0.784,1.8259,1.0175
Brinker International Inc,0.1527,0.6712,0.2487
Bristol-Myers Squibb Co,2.87535,0.8301,0.48450000000000004
British Land Company PLC,1.3217,3.2591,1.1483
Brixmor Property Group Inc,0.2365,0.9737,1.001525
Brookfield Asset Management Inc,0.40654,1.99842,2.94444
Brookfield Business Partners LP,0.222925,1.826675,0.7570749999999999
Brookfield Infrastructure Partners LP,0.160375,0.88795,0.78695
Brookfield Property Partners LP,0.331075,1.21645,1.3874499999999999
Brown & Brown Inc,0.2169,1.8422,0.4423
Bruker Corp,2.6877,1.8846,0.3883
Bulten AB,0.2228,0.704,0.112
Bumrungrad Hospital PCL,4.687166666666666,2.0319333333333334,0.6425666666666667
Burberry Group PLC,1.4917,1.3572,0.0
Burckhardt Compression Holding AG,0.3696,1.562,0.652
C-Rad AB,0.0,1.3175,0.1282
CA Immobilien Anlagen AG,0.4277,1.2362,1.02
CACI International Inc,0.1953,1.8377,0.4065
CAE Inc,0.3538,1.701,0.3253
CBL & Associates Properties Inc,0.1501,0.3569,1.4545
CCC SA,0.2333,1.0985,0.9231
CCR SA,0.19785,2.342525,1.81715
CDW Corp,0.3756,1.1538,1.1777
CESP Companhia Energetica de Sao Paulo,0.14068,0.7529600000000001,1.50926
CGI Inc,1.5976,5.2314,3.4764
CME Group Inc,0.8179500000000001,1.3045,0.9986999999999999
CNFinance Holdings Ltd,0.0,1.5769,2.8604
COGECO Inc,0.5930666666666666,3.346166666666667,2.733833333333333
CPFL Energia SA,0.3845,1.004225,1.08775
CPFL Energias Renovaveis SA,0.0,0.5175000000000001,0.7312000000000001
CSG Systems International Inc,0.1317,3.2209,1.1331
CSL Ltd,2.2138,1.0778,0.5458
CSS Industries Inc,0.6677,0.8929,1.2663
CSX Corp,0.168,0.8296,0.4679
CTT Correios de Portugal SA,0.2813,0.802875,0.5947
CVC Brasil Operadora e Agencia de Viagens SA,0.19255,2.0368,1.791
CVS Health Corp,2.2907,2.434,0.6463
Cabot Microelectronics Corp,0.0368,0.4192,0.6095
Caleres Inc,1.9573,1.7346,0.5663
Cambium Networks Corp,0.3091,0.6786,0.6722
Cameco Corp,0.2072,1.2976,1.7389
Canadian Imperial Bank of Commerce,0.181,0.1305,0.4734
Canadian National Railway Co,0.4442,1.7349,0.6401
Canadian Tire Corporation Ltd,0.74475,2.1797,0.433875
Canadian Utilities Ltd,2.9409,6.5733,4.5221
Cancom SE,0.1015,1.6383,1.108125
Capital One Financial Corp,0.1957,0.4041,0.5187
Capitaland Ltd,0.2003,0.4861,1.1675
Cardinal Health Inc,0.9292,1.3848,1.0666
Cardno Ltd,1.0383,4.5608,6.3662
CareDx Inc,0.4236,1.0159,2.182
Carl Zeiss Meditec AG,0.9262,0.8224,0.5401
Carmax Inc,1.70535,3.13685,2.00195
Carmila SA,1.6095,3.7264,0.4424
Carnival Corp,0.35972857142857145,0.7979571428571429,0.35130000000000006
Carparts.Com Inc,0.1351,0.5316,0.7982
Carrefour SA,0.4556,1.6955,1.0129
Castellum AB,0.0,0.417,0.1861
Castle Biosciences Inc,1.2973,0.681,1.2762
Catena Media PLC,0.2824,0.4144,0.8322499999999999
Caterpillar Inc,0.201825,1.092125,0.5997
Cathay Financial Holding Co Ltd,0.192,0.7523,2.0232
Cavotec SA,0.0,0.49445,1.3307
Cboe Global Markets Inc,0.1877,1.7619,1.017
Ceconomy AG,0.24035,1.5234,0.41600000000000004
Cegedim SA,0.0,1.0293,0.4467
Cellnex Telecom SA,0.1661,0.9476,0.6733
Cemex SAB de CV,0.1616,1.1303,1.1459
Cenovus Energy Inc,0.2798,2.1922,0.8232
Centene Corp,0.5873,1.2687,0.8135
Centrais Eletricas Brasileiras SA,0.5471499999999999,1.6691500000000001,1.8538333333333332
Century Plyboards (India) Ltd,0.0971,0.1076,0.6476
Cervus Equipment Corp,0.1458,0.5832,0.6601
Cewe Stiftung & Co KGaA,0.515,0.6449,0.768
Chailease Holding Company Ltd,0.0,0.0535,1.5052
Change Healthcare Inc,0.1728,1.6667,0.2234
Charles River Laboratories International Inc,0.3964,2.67,0.8476
Charter Communications Inc,0.0812,0.1893,0.2252
Check Point Software Technologies Ltd,0.39316666666666666,0.8856333333333333,0.9731000000000001
Chegg Inc,0.6305,0.9809,0.205
ChemoCentryx Inc,5.5783,2.7468,1.0602
Cheniere Energy Inc,0.1079,0.486,0.7092
Chevron Corp,0.4206,1.8651,0.6606
Chewy Inc,0.0531,1.6209,0.6525
China Gas Holdings Ltd,0.13974999999999999,0.5541,1.0933
China Reinsurance Group Corp,0.5934,1.4565000000000001,1.4126
China XD Plastics Company Ltd,0.178,1.3287,2.1699
Chipotle Mexican Grill Inc,0.8242,2.7025,0.7708
Chocoladefabriken Lindt & Spruengli AG,0.295,0.90985,0.6539
Chorus Aviation Inc,0.0,1.6417,2.4208
Chorus Ltd,0.0,1.1515,1.0167
Chr Hansen Holding A/S,1.27275,2.5181000000000004,3.6627
Chubb Ltd,0.8578749999999999,1.569,1.9017
Chunghwa Telecom Co Ltd,0.086,0.5648,0.0
Cia Hering,0.759825,2.0994,0.7017
Cidara Therapeutics Inc,19.2364,0.7119,0.8608
Cielo SA,0.1296,0.334,0.9655
Ciena Corp,0.0898,1.0738,0.0463
Cigna Corp,2.01825,4.7855,0.81765
Cineworld Group PLC,0.22799999999999998,0.6417999999999999,0.78895
Cisco Systems Inc,0.072,0.8247,0.0751
Citigroup Inc,0.28812,1.3515000000000001,0.9643
Citizens Financial Group Inc,0.436475,0.701375,0.710175
Citrix Systems Inc,0.1697,1.5203,1.1657
City Developments Ltd,0.9603,0.6057,0.776
Citycon Oyj,0.9509,2.8775,11.0141
Cleveland-Cliffs Inc,0.3784,0.4994,0.855
Coca-Cola Co,2.3475,2.9628,1.108
Coca-Cola European Partners PLC,0.2905,2.276,0.4092
Coca-Cola Femsa SAB de CV,0.3601,1.1396,1.3862
Coca-Cola Icecek AS,0.0892,0.4511,0.4112
Codere SA,0.0993,0.7086,0.7963
Cogent Communications Holdings Inc,0.2969,0.4811,0.8682
Coherent Inc,0.1124,1.191,0.474
Cohu Inc,0.0,0.1798,0.2097
Coles Group Ltd,0.9269,7.6385,5.1045
Collectors Universe Inc,0.3918,1.0675999999999999,0.91385
Colony Capital Inc,0.0853,1.4592,1.1987
Coloplast A/S,1.67546,1.50228,0.5955600000000001
Columbia Sportswear Co,0.548,1.3118,0.4314
Columbus A/S,0.40885000000000005,1.01725,0.95765
Comcast Corp,0.5834,1.29265,0.3823
Comerica Inc,0.0789,1.2942,0.5768
Comet Holding AG,0.0534,1.3831,0.5208
Commercial Metals Co,0.7771,0.9326,0.1981
Commerzbank AG,0.034333333333333334,0.48833333333333334,1.3257666666666665
Commonwealth Bank of Australia,1.1017,4.7521,10.3856
Community Bank System Inc,0.161,0.1322,2.0621
Compagnie Financiere Richemont SA,0.5603,1.84325,0.9500500000000001
Compagnie Generale des Etablissements Michelin SCA,0.4884,1.522,5.2600999999999996
Compagnie Plastic Omnium SA,0.178,1.7452,0.1455
Compagnie de Saint Gobain SA,1.5428,5.5132,7.8659
Companhia Brasileira de Distribuicao,0.1442,1.3717,0.3139
Companhia Energetica de Minas Gerais CEMIG,0.3179,1.69675,1.5217749999999999
Companhia Paranaense de Energia,0.606325,1.8768500000000001,1.698475
Companhia Siderurgica Nacional,0.15006666666666668,0.7870666666666667,1.0425666666666666
Companhia de Saneamento Basico do Estado de Sao Paulo SABESP,0.347,1.7842500000000001,2.0875
Compania de Minas Buenaventura SAA,0.29535,0.620325,0.30274999999999996
CompuGroup Medical SE & Co KgaA,2.1343,2.9338,0.8026
Conagra Brands Inc,2.2444,2.2377,0.5136
Concentradora Fibra Danhos SA de CV,0.0,0.0042,1.6069
Concho Resources Inc,0.0299,0.4179,0.6586
ConocoPhillips,0.1133,0.6558,1.1978
Constellation Brands Inc,0.0599,1.3095,0.6553
Container Corporation of India Ltd,0.1253,0.2774,1.2402
Continental AG,0.2136,0.7156,0.4992
Converge Technology Solutions Corp,0.08825,1.5209,0.17020000000000002
Cooper Companies Inc,6.0045,0.5525,0.0
Core Laboratories NV,0.3063,0.8568,0.5483
Corteva Inc,0.2421,1.1754,0.1553
Corus Entertainment Inc,1.0897000000000001,2.7634499999999997,2.1935000000000002
Cosan SA,0.14105,1.17965,0.510175
Cosco Capital Inc,0.0,0.7329,1.2264
Cosmo Pharmaceuticals NV,0.9930999999999999,1.08895,0.7461500000000001
Costco Wholesale Corp,0.1466,0.3142,0.4822
Coupa Software Inc,0.4203,1.5121,0.4803
Covenant Logistics Group Inc,0.2314,0.1905,0.7745
Covia Holdings Corp,0.213,0.6844,0.6959
Credicorp Ltd,0.4421,0.844225,2.31175
Credit Suisse Group AG,0.5281399999999999,2.80156,2.47222
Crestwood Equity Partners LP,0.053,0.8104,1.2897
Crown Castle International Corp,0.14162,0.7382,0.71628
Culp Inc,0.0978,0.5741,1.4575
Cyclerion Therapeutics Inc,12.5284,0.7711,0.1788
Cyient Ltd,0.2881,1.0091,1.0789
Cyrela Brazil Realty SA Empreendimentos e Participacoes,0.10865,0.4143,0.8139
Cytosorbents Corp,5.4052,0.6511,0.6253
D.R. Horton Inc,0.3594,0.9093,0.3653
DEUTZ AG,0.0,0.1394,1.1979
DKSH Holding AG,0.6741,0.5275,0.601
DNO ASA,0.0477,0.856,1.4664
DTE Energy Co,0.3493,3.0001,8.7782
DWS Group GmbH & Co KgaA,0.28775,2.506525,1.4083999999999999
Dabur India Ltd,0.1976,0.994,0.6723
Daetwyler Holding AG,0.0,1.4983,1.6314
Daiichi Sankyo Co Ltd,6.2203,3.0587999999999997,0.91115
Daimler AG,0.5111,1.405,1.0813
Daiwa House Industry Co Ltd,0.0,8.7538,3.083
Daiwa Securities Group Inc,0.0883,1.7927,2.1345
Dana Inc,0.2978,0.5543,0.697
Danone SA,0.794525,2.15205,0.481475
Danske Bank A/S,0.26959999999999995,0.9114600000000002,0.84772
Daseke Inc,0.0,0.812,0.6105
Data Respons ASA,0.6703,2.5125,0.9621
Davide Campari Milano SpA,0.32348,0.43952,0.9472200000000001
Deere & Co,0.21595,1.7120250000000001,0.379825
Del Monte Pacific Ltd,0.2288,0.8246,0.4187
Dell Technologies Inc,0.2586,0.6948,0.3682
Delphi Technologies PLC,0.1835,0.7743,0.3829
Delta Air Lines Inc,0.2565,1.043,1.2287
Delta Electronics Inc,0.0,0.0187,0.5058
Detskiy Mir PAO,0.14905,0.18755,0.9884999999999999
Deutsche Bank AG,0.21056666666666668,1.4939555555555555,1.294311111111111
Deutsche Beteiligungs AG,0.07226666666666666,1.7118333333333335,1.0689
Deutsche Boerse AG,0.45143333333333335,2.254166666666667,1.6871
Deutsche Lufthansa AG,1.028,2.31175,3.6487
Deutsche Post AG,0.07,0.3811,0.5519
Deutsche Telekom AG,0.04815,1.21525,0.77695
Deutz AG,0.1184,1.137,0.4271
Dexus,0.1896,1.3067,0.7268
DiGi.Com Bhd,0.3144,1.563,0.5569
DiaMedica Therapeutics Inc,13.7056,1.0366,1.6625
Digimarc Corp,0.4981,2.0052,0.7407
Digital China Holdings Ltd,0.2329,0.589,1.2365
Digital Realty Trust Inc,0.1329,0.8002,0.2651
Discover Financial Services,0.315,0.7592,0.5498
Discovery Inc,3.194,0.6154,0.5433
Discovery Ltd,1.01635,1.339,1.3679000000000001
Dixie Group Inc,0.350425,0.595325,0.60605
DocuSign Inc,0.106,0.4519,0.4833
Domain Holdings Australia Ltd,0.0571,0.851,0.605
Domtar Corp,0.4082,0.3971,0.449
Dorian LPG Ltd,0.2675,0.5969,0.7483
Douyu International Holdings Ltd,0.2155,2.2316,0.4265
Draegerwerk AG & Co KGaA,1.11845,1.377975,0.80095
Duerr AG,0.069425,0.628275,0.68455
Dunkin' Brands Group Inc,0.3983,0.8374,0.7559
Duratex SA,0.23306666666666667,1.6161,0.5257666666666666
Dustin Group AB,0.0,0.2844,0.0424
Dyadic International Inc,1.1851,2.0147,0.9148
E*Trade Financial Corp,0.334025,1.307825,0.9721
E.ON SE,0.07966666666666666,0.9969666666666667,1.5393
EDAG Engineering Group AG,0.1052,1.3680333333333332,0.8094333333333333
EDP Energias do Brasil SA,0.54235,2.0538,1.097925
EQM Midstream Partners LP,0.0748,0.9399,4.8609
EQT Corp,0.3756,4.5622,11.4738
ERG SpA,0.15493333333333334,0.6286999999999999,1.1658000000000002
ESTACIO PARTICIPACOES SA,1.1482,1.3081,0.5868
EXFO Inc,0.0464,0.5528500000000001,3.9265499999999998
Eagle Pharmaceuticals Inc,10.2179,2.3445,0.2382
Eastgroup Properties Inc,0.0,0.326,0.5109
Eclerx Services Ltd,0.916,2.2844,1.5282
Ecolab Inc,0.5726,1.3946,0.7746
Edelweiss Financial Services Ltd,0.12423333333333335,0.6685333333333334,1.2567333333333333
Edenred SA,0.0,0.431,0.8266
Editas Medicine Inc,7.530150000000001,1.8991500000000001,0.9608500000000001
Educational Development Corp,2.1569,1.132,0.9628
Eiffage SA,0.3283,1.9128,1.0133
El Puerto De Liverpool SAB De CV,0.0592,0.5095,0.6075
Electrolux AB,0.2619,2.2471,3.8677
Electronic Arts Inc,1.0968,3.639366666666667,0.29583333333333334
Electrovaya Inc,0.0,0.775,0.2726
Elementia SAB de CV,0.1128,0.3498,1.1397
Elevate Credit Inc,0.1854,1.2184,0.8256
Eli Lilly and Co,3.8560749999999997,1.6328749999999999,0.46555
Elia Group SA,0.47,2.3747,1.986
Elior Group SA,1.8529,2.90735,0.7880499999999999
Elisa Oyj,0.215975,0.655375,0.54945
Elmos Semiconductor AG,0.0904,1.1124,0.6778
ElringKlinger AG,0.3197,1.1121,0.7366
Eltel AB,0.0,0.4217,0.4667
Embracer Group AB,0.8376,2.4152,1.136
Embraer SA,0.167325,1.34925,0.8558749999999999
Emeco Holdings Ltd,0.8288,2.867,0.6493
Emirates NBD Bank PJSC,0.779,0.1569,2.0782
Empire Company Ltd,0.4475,0.9619,0.1481
Empire Industries Ltd,0.1888,2.1816,1.9461
Empresas CMPC SA,0.0,0.2788,0.5861
EnBW Energie Baden Wuerttemberg AG,0.0,0.7613,0.6968
EnLink Midstream LLC,1.1729,1.0055,0.5344
Enanta Pharmaceuticals Inc,10.71815,0.49545000000000006,0.14845
Enauta Participacoes SA,0.14535,0.983125,1.098
Enbw Energie Baden Wuerttemberg AG,0.0,0.39766666666666667,0.8051333333333334
Encana Corp,0.0821,0.5554,0.8729
Encompass Health Corp,2.35365,1.31395,0.6265499999999999
Endesa SA,0.14395,1.048275,1.160625
Endo International PLC,1.2685,2.0252,0.0761
Enea AB,0.0,0.6211,0.6104
Enel SpA,0.129075,0.6409,1.421275
Enento Group Plc,0.7038,0.9074,1.582
Energisa SA,1.0687,2.85625,1.1714
Energizer Holdings Inc,0.5598,3.0183,1.0269
Engie Brasil Energia SA,0.3594,2.6267,1.204
Engie SA,2.6747,7.1385,8.4732
Eni SpA,0.117825,0.9092250000000001,1.453025
Enphase Energy Inc,0.0702,0.4243,0.1139
Entertainment Network (India) Ltd,0.1434,0.4517,0.6597
Entravision Communications Corp,0.849,0.9615,0.2917
Equinix Inc,0.0509,0.9277,0.418
Equinor ASA,0.9603,3.6162,8.0286
Equitable Holdings Inc,0.4928,0.6221,1.5905
Equity LifeStyle Properties Inc,0.6622666666666667,1.1211666666666666,0.6078
Equity Residential,0.1664,0.4785,0.392
Eramet SA,0.0757,1.0992000000000002,0.98625
Essity AB (publ),0.5804,0.373,0.2522
Estee Lauder Companies Inc,1.3907999999999998,2.885,0.3530666666666667
Eurocommercial Properties NV,0.25445,0.7383,1.18475
Eurofins Scientific SE,0.8743,0.9883,1.2521
Euronext NV,0.10886,0.90298,0.87324
Evofem Biosciences Inc,36.75995,1.7325,1.4907
Evolent Health Inc,1.0642,3.4505,0.0691
Evolution Mining Ltd,0.7502,3.6088,4.1761
Evonik Industries AG,0.7839499999999999,2.96455,4.0434
Exlservice Holdings Inc,0.104,1.5103,0.666
Expedia Group Inc,1.9216,2.3385,1.4008
Exponent Inc,0.483875,8.60615,0.603475
Extraction Oil & Gas Inc,0.2014,0.7932,0.5534
Exxon Mobil Corp,0.2862,1.34575,0.63625
Eyenovia Inc,10.5948,1.4599,0.9028
F.N.B. Corp,0.2293,0.9927,1.1429
FB Financial Corp,0.2186,0.1611,0.983
Fabege AB,0.0,0.5111,0.2518
Fairfax Financial Holdings Ltd,0.3895,2.2312,1.3042
Falck Renewables SpA,0.0,0.2865,1.5901
Farfetch Ltd,0.3181,0.8056,0.8009
FedEx Corp,0.25306666666666666,1.7957333333333334,0.6708000000000002
Federal Bank Ltd,0.4803,0.3396,1.1465
Federal Hydro-Generating Company RusHydro PAO,0.16645,0.6973750000000001,1.873825
Federated Hermes Inc,0.0374,0.8711,1.1037
Ferreycorp SAA,0.0815,0.3787,1.1932
Ferro Corp,0.1976,0.1526,0.5207
Ferroglobe PLC,0.0,0.6683,1.5267
Fidelity Bank PLC,0.03035,0.51205,1.13335
Fidelity Bank Plc,0.2609,0.5435,0.4958
Fifth Third Bancorp,0.086225,0.9398,0.890075
FinecoBank Banca Fineco SpA,0.1877,0.59425,1.380775
Finjan Holdings Inc,0.1657,1.6723,1.6914
Finning International Inc,0.2417,0.6636,0.0412
Firan Technology Group Corp,0.0,0.6881,1.8113
First American Financial Corp,0.1069,0.8005,0.1294
First Eagle Alternative Capital BDC Inc,0.3765,0.4026,1.7027
First Industrial Realty Trust Inc,0.1417,0.1324,1.3223
First Republic Bank,0.2653,1.4683,1.0863
First Sensor AG,0.13265,1.8384,1.4955
FirstGroup PLC,0.3232,1.0726,2.0155
Fitbit Inc,0.0,1.1547,16.6672
Five9 Inc,0.0,0.7767,0.2201
Fleury SA,5.747,2.4677,0.6582
Flow Traders NV,0.0,0.4895,1.2817
Flughafen Wien AG,0.082,0.3178,1.231
Flughafen Zuerich AG,0.1312,0.512,1.34455
Fluidra SA,0.1016,0.4727,1.3546
Flushing Financial Corp,0.4576,0.6887,0.9903
Fonterra Co-Operative Group Ltd,0.1298,0.8119,0.7794
Ford Motor Co,0.7376199999999999,1.75624,0.5497
Forestar Group Inc,0.1802,0.5921,0.5934
Fortis Inc,0.5624,1.7704,0.7739
Fortum Oyj,0.239,2.5235,0.8752
Fosun International Ltd,3.3876,2.8477,0.6088
Fox Corp,1.4102,1.6967,0.7837
Franklin Covey Co,1.1569,2.202,0.7025
Fraport AG Frankfurt Airport Services Worldwide,0.29637500000000006,0.55015,0.933075
Fresenius Medical Care AG & Co KGaA,1.34534,0.9831199999999999,0.9231400000000001
Fresenius SE & Co KGaA,0.8343833333333334,1.1771,0.8560500000000001
Frontline Ltd,0.1171,3.2154,0.6349
Fuchs Petrolub SE,0.3451,1.3345,1.0371
FuelCell Energy Inc,0.3341,2.9303,0.8017
Fuji Electric Co Ltd,0.8081,2.0114,0.0
Futu Holdings Ltd,0.4948,1.0309,0.6145
G1 Therapeutics Inc,9.1488,0.7535,1.2389
G8 Education Ltd,5.2587,5.4601,4.1291
GAIL (India) Ltd,0.1101,0.6208,0.9682
GAM Holding AG,0.1056,3.1043,2.2829
GCI Liberty Inc (Pre-Reincorporation),0.0,0.5101,3.9443
GMS Inc,0.0,0.7341,0.5909
GN Store Nord A/S,2.5316,5.8822,2.8936
GPT Group,0.7952,3.27075,3.85895
GWA Group Ltd,1.5846,2.6057,3.0994
Gaia Inc,1.296,1.8086,0.904
Galapagos NV,2.40644,1.1682000000000001,0.56988
Galaxy Entertainment Group Ltd,0.0557,1.3178,0.4405
Galaxy Resources Ltd,0.0,0.7206,0.7678
Galp Energia SGPS SA,0.4684,1.4843,0.7409
Gannett Co Inc,0.2727,0.35,2.2042
Ge T&D India Ltd,0.0204,0.4615,0.77195
Geberit AG,0.15602,0.38592,0.30296
GenMark Diagnostics Inc,12.6186,1.8917,0.1316
General Electric Co,0.1618,1.421475,0.46092500000000003
General Motors Co,0.3997,2.4538,0.5348
Genesis Energy Ltd,1.5614,4.6516,3.1764
Genius Brands International Inc,3.0582,1.9212,2.2522
Genmab A/S,3.5325,3.2242,3.5258
Genocea Biosciences Inc,1.7703,1.5218749999999999,0.84215
Gentherm Inc,1.1975,1.0175,0.1364
Gentrack Group Ltd,0.0399,1.13235,1.8547
Georg Fischer AG,0.223,0.92,0.426
Georgia Capital PLC,0.289,0.2635,1.4727
"Germany, Federal Republic of (Government)",0.757925,2.6240625,2.7168875
Getinge AB,0.55846,1.0280799999999999,0.5345
Getlink SE,0.9688,4.0222,6.3024
Gildan Activewear Inc,0.4323,0.951,0.8125
Gilead Sciences Inc,5.552,1.7501,0.8646
Givaudan SA,0.6535500000000001,1.42315,0.3291
Gladstone Capital Corp,0.0,0.2277,5.4901
Gladstone Investment Corp,0.04409090909090909,0.4521818181818182,3.5645818181818183
Glanbia PLC,2.745,8.3285,2.7407
GlaxoSmithKline Consumer Healthcare Ltd,1.8357999999999999,1.2456,1.51025
GlaxoSmithKline PLC,6.759399999999999,1.4020000000000001,0.78105
Glenmark Pharmaceuticals Ltd,2.0728,0.5196,0.5131
Global Eagle Entertainment Inc,0.0,0.2544,0.3326
Global Ports Holding PLC,0.1097,0.2899,0.7472
Globe Telecom Inc,1.9565,7.8509,7.9711
Godrej Properties Ltd,0.1197,0.5645,1.1433
Gogo Inc,0.1088,0.764825,0.634775
Gol Linhas Aereas Inteligentes SA,0.1419,1.1015,15.8276
Gold Fields Ltd,0.51,1.1961,0.7142
Goldman Sachs Group Inc,0.5723,3.2554499999999997,1.19895
Goodfood Market Corp,0.0,0.3529,0.155
Goodman Group,0.67815,3.33475,4.18795
Graco Inc,0.10155,0.35329999999999995,0.74815
Grainger PLC,0.9363999999999999,2.23055,0.49585
Grana y Montero SAA,0.1344,0.8245,3.1006
Granite Real Estate Investment Trust,0.0,0.8504,0.8339
Great Southern Bancorp Inc,0.0776,0.08009999999999999,0.7426
Great-West Lifeco Inc,0.843575,2.6593999999999998,0.6381
Greenbrier Companies Inc,0.7141,2.447,1.9010500000000001
Greenlane Holdings Inc,1.0603,1.8417,1.0645
Grendene SA,1.1058,1.408525,1.716625
Growthpoint Properties Ltd,0.27045,0.8022499999999999,1.4877500000000001
Gruma SAB de CV,0.2501,0.7628,0.1155
Grupa Lotos SA,0.1454,0.5589,2.1592
Grupo Cementos de Chihuahua SAB de CV,0.0,1.0175,0.7995
Grupo Financiero Banorte SAB de CV,0.0,0.382,0.8742
Grupo Gicsa SAB De CV,0.0,1.1294,0.8949
Grupo Supervielle SA,0.2341,1.029575,1.851175
Guaranty Trust Bank PLC,0.1326,0.3614,1.545
Guardant Health Inc,6.0065,1.624,0.4108
Gunnebo AB,0.2969,0.7309,0.5427
H & M Hennes & Mauritz AB,0.3096,1.2291,0.4367
H Lundbeck A/S,4.0857,2.71655,6.113049999999999
H2O Innovation Inc,0.14566666666666667,1.6178,0.6376666666666667
HDFC Bank Ltd,0.13243333333333332,0.38483333333333336,0.8877333333333333
HELLA GmbH & Co KgaA,0.027025,0.544475,0.40775
HMS Holdings Corp,2.3718,4.2997,0.288
Haemonetics Corp,0.0995,1.2528,0.3848
Haldex AB,0.0,0.5319999999999999,0.554
Halliburton Co,0.0,1.3138,0.3245
Halozyme Therapeutics Inc,0.4959,1.3183,1.3654
Hancock Whitney Corp,0.1328,0.2633,0.5318
Hannover Rueck SE,0.69335,1.1553,1.0901999999999998
Hanover Insurance Group Inc,0.1955,1.5539,0.8922
Hansen Technologies Ltd,0.3224,0.5281,0.6269
Hapvida Participacoes e Investimentos SA,1.9000666666666666,1.9092,0.5857666666666667
Harley-Davidson Inc,0.2759,2.7281,0.4509
Health Catalyst Inc,0.1774,3.9493,0.3102
Healthequity Inc,0.0,1.237,0.4541
Hecla Mining Co,0.146,0.939,1.1379
HeidelbergCement AG,0.41596666666666665,2.770433333333333,1.1424666666666665
Heidelbergcement AG,0.14625,0.9877,0.58235
Heidelberger Druckmaschinen AG,0.2475,1.0203,0.8566499999999999
Heineken NV,1.2157,6.0789,8.7785
Helen of Troy Ltd,1.325,1.1937,0.4569
Helius Medical Technologies Inc (Pre-Reincorporation),9.5296,2.91015,1.7175
Hellenic Petroleum SA,0.0,0.5553,1.0341
Hellofresh SE,0.339175,0.556075,0.364
Helvetia Holding AG,0.0404,0.6617,1.60655
Henry Schein Inc,0.1901,0.2218,0.2154
Hewlett Packard Enterprise Co,0.337,1.56985,0.7575000000000001
Hexagon Composites ASA,0.0,0.7167,0.4031
Hexindai Inc,0.0,3.0138,1.8494
Highwoods Properties Inc,0.60085,1.414025,0.442225
Hill-Rom Holdings Inc,3.6874,1.44595,0.24215
Hirequest Inc,0.081,1.0102,1.1551
Hochschild Mining PLC,0.0826,0.0681,0.5335
Hochtief AG,1.6443,4.1752,4.9758
Hoist Finance AB (publ),0.0,0.807,0.4249
Hologic Inc,5.0708,0.9016,0.0747
Home BancShares Inc,0.1121,0.2824,0.6228
Home Depot Inc,0.39565,2.32035,0.7504
HomeStreet Inc,0.1799,0.5405,1.2926
Hon Hai Precision Industry Co Ltd,0.119,1.359,0.9743
Hong Kong Exchanges and Clearing Ltd,0.3428,0.2337,1.0974
Hope Bancorp Inc,0.0,0.2604,0.8357
Horizon Discovery Group PLC,3.0702,2.4538,0.1231
Horizon Global Corp,0.1083,1.6127,0.6763
Horizon Therapeutics PLC,9.1694,1.5164,0.8093
Houlihan Lokey Inc,0.0548,0.8047,1.9774
Hugo Boss AG,0.933575,1.8945,0.470725
Huishang Bank Corp Ltd,0.1278,3.2032,1.6517
Humana Inc,1.4389333333333336,1.6469333333333334,0.9973333333333333
Huron Consulting Group Inc,1.3634,2.4127,2.0371
Hypera SA,1.19465,1.2569,0.69445
Hyster-Yale Materials Handling Inc,0.24167999999999998,1.5603200000000002,0.8177199999999999
ICON PLC,1.3299,2.175,0.5188
IDEX Corp,0.1599,0.2934,0.2396
IDFC Ltd,0.0,0.7461,1.3188
IFB Industries Ltd,0.1943,0.3493,0.7615
IGM Financial Inc,0.18235,1.20255,1.1787999999999998
IHS Markit Ltd,0.10436666666666666,0.7706666666666666,0.5960333333333333
II-VI Inc,0.0708,0.9116,0.3517
ING Bank Slaski SA,0.1385,1.0001,1.4469
ING Groep NV,0.5492666666666667,1.9296666666666666,3.2075666666666667
ION BEAM APPLICATIONS SA,0.2942,0.9484,0.3601
IPG Photonics Corp,0.0,0.3468,0.1001
IPH Ltd,0.6039,1.597,1.2701
ISS A/S,0.0,0.4448,0.7321
IVERIC bio Inc,11.58005,1.65825,0.4153
Iberdrola SA,0.7642,1.737875,1.228125
Idera Pharmaceuticals Inc,3.7009,0.5678,0.6734
Iguatemi Empresa de Shopping Centers SA,0.10973333333333334,0.8439,0.5043333333333333
Iliad SA,0.1615,0.8307,2.2541
Illinois Tool Works Inc,0.1265,0.0925,1.3112
Illumina Inc,4.0662,1.1057,0.0371
Iluka Resources Ltd,0.1735,0.398,1.1254
Imdex Ltd,0.151,1.1406,0.1412
Immobiliare Grande Distribuzione SIIQ SpA,0.121,1.0160666666666667,1.4733666666666665
Imperial Logistics Ltd,0.4532,1.059,0.89065
Imperial Oil Ltd,1.2273,2.4173,0.9833
Implenia AG,0.1077,1.8857,2.2692
Incyte Corp,3.2748,0.8961,0.2592
Independent Bank Corp (Massachusetts),0.1602,1.4999,0.839
Independent Bank Corp (Michigan),0.221,1.5483,1.4886
Indian Oil Corporation Ltd,0.0,0.199,1.2284
Indorama Ventures PCL,0.2616,0.563,0.9565
Industrial Alliance Insurance and Financial Services Inc,1.17045,2.4345,4.315300000000001
Inficon Holding AG,0.12045,0.5145,0.5561
Infineon Technologies AG,0.787,3.5753,6.1495
Infosys Ltd,0.9192,2.1064,0.4913
Infrastructure and Energy Alternatives Inc,0.0,0.8493,8.9549
Innogy SE (Pre-Merger),1.3508,3.2359,4.3625
Instalco AB,0.0,2.1235,1.2422
Insteel Industries Inc,0.0717,0.3939,0.5401
Insulet Corp,3.3032,1.0705,0.4733
Insurance Australia Group Ltd,1.9048,6.7772,6.6037
Intact Financial Corp,0.3831,1.06115,1.1212499999999999
Integra LifeSciences Holdings Corp,2.9603,0.5058,0.0621
Intel Corp,0.1321,1.5916,0.1249
Inter Pipeline Ltd,0.42669999999999997,0.9537500000000001,3.4149
Intercept Pharmaceuticals Inc,4.8697,1.4748,0.61875
Intercontinental Exchange Inc,0.1616,2.0073,0.8208
International Business Machines Corp,0.1522,0.8636,0.609
International Paper Co,0.0584,0.42,0.9817
Intersect ENT Inc,3.917,1.7981,0.7431
Intertrust NV,0.3586,1.1507,10.7076
Intuit Inc,0.7959,4.9329,2.6307
Intuitive Surgical Inc,1.47885,1.45515,0.40145
Inuvo Inc,0.0,0.7066,1.3781
Investcorp Credit Management Bdc Inc,0.0548,0.8449,1.9095
Investec PLC,0.0,1.9579,3.9232
Inwido AB (publ),0.0,0.3806,0.1963
Ipsen SA,1.5023,3.1407,11.4343
Iqvia Holdings Inc,1.0373,0.7848,0.3787
Iren SpA,0.0,0.5502,2.5664
IsoRay Inc,6.2773,3.97905,1.3143500000000001
Itau Corpbanca,0.415075,1.2882250000000002,1.2395
Itau Unibanco Holding SA,0.13924,1.02532,1.379
Itausa Investimentos Itau SA,0.5751,0.7827,2.2743
Iveric Bio Inc,10.1788,1.0428,0.9241
J M Smucker Co,0.0305,0.7802,0.3016
J Sainsbury PLC,0.24193333333333333,0.5857,0.6068
J.Front Retailing Co Ltd,0.8667,2.3477,0.7192
J2 Global Inc,0.5064,0.7976,0.8494
JD.com Inc,0.2131,1.339,0.5833
JGC Holdings Corp,0.1131,2.4519,1.9058
JPMorgan Chase & Co,0.25522,1.0126,0.6591400000000001
JSL SA,0.8057,2.2934,0.7662666666666667
Jabil Inc,1.4741,0.7674,2.9802
Jack in the Box Inc,0.148,0.6049,0.954
Jacobs Engineering Group Inc,0.50635,2.7726,0.5821000000000001
James Hardie Industries PLC,0.43777499999999997,1.819175,0.394
Japan Tobacco Inc,0.40684000000000003,1.31198,1.1487
Japara Healthcare Ltd,2.876,1.6508,0.1473
Jazz Pharmaceuticals PLC,4.8518,1.4755,0.4072
Jernigan Capital Inc,0.2221,0.7051,1.2563
Jiayin Group Inc,0.0,1.0082,1.4803
John Menzies PLC,0.4031,1.7762,0.9153
John Wiley & Sons Inc,0.9693,3.2921,0.9773
John Wood Group PLC,0.0,0.0122,0.3303
Johnson & Johnson,3.33082,2.41888,0.61148
Johnson Outdoors Inc,1.6006,3.5245,2.2511
Julius Baer Gruppe AG,0.2849,2.856,1.1079
Juniper Networks Inc,0.07555,0.88715,0.1402
Jupiter Fund Management PLC,0.2371,3.4395,1.4197
K&S AG,0.0823,0.8587250000000001,0.5824
KB Home,0.1309,1.6154,0.6871
KBC Groep NV,0.9478,3.5411,9.0075
KBR Inc,0.4116,2.3245,0.5166
KDDI Corp,0.0476,1.4079,0.5048
KGHM Polska Miedz SA,0.196925,0.634775,1.7848
Kaixin Auto Holdings,0.1748,0.8109,1.3218
Kansas City Southern,0.1232,0.4547,0.4853
KappAhl AB (publ),0.6137,0.4578,0.3282
Kapsch Trafficcom AG,0.1823,0.6866,0.6451
Kardex AG,0.0,0.2711,0.5892
Kardex Holding AG,0.0,0.1491,0.559
Kawasaki Kisen Kaisha Ltd,0.0,0.7481,1.8564
Kemira Oyj,0.1172,0.5342,0.6372
Kemper Corp,0.0384,0.7872,1.5887
Kendrion NV,0.1612,1.1139333333333334,0.3849
Keppel Corporation Ltd,0.0,1.1177,2.0427
KeyCorp,0.3917,0.6167,0.5007
Keysight Technologies Inc,0.5454,2.4649,0.6297
Kimbell Royalty Partners LP,0.1427,0.0903,1.4509
Kimberly-Clark Corp,0.7847999999999999,3.1661,3.36925
Kimberly-Clark de Mexico SAB de CV,0.1838,2.2378,0.478
Kimco Realty Corp,0.1004,0.9808,0.9521
Kinder Morgan Inc,0.2147,0.7249,0.8517
Kindred Group PLC,0.25055,1.0105,0.48055000000000003
Kinepolis Group NV,0.0,0.8026,0.4962
Kingspan Group PLC,0.0,1.4421,4.7256
Kiniksa Pharmaceuticals Ltd,17.7976,0.6379,0.0
Kinross Gold Corp,0.0,0.8052,0.8376
Kion Group AG,0.09706666666666668,0.6706,0.39976666666666666
Kirby Corp,0.0297,0.1228,0.4059
Kirkland Lake Gold Ltd,0.4348,0.5047,0.2903
Klabin SA,0.26030000000000003,0.8034666666666667,0.8004000000000001
Kodiak Sciences Inc,8.5116,1.5058,0.8141
Kofola CeskoSlovensko as,0.0,0.5895,2.2371
Kohls Corp,1.8964,1.4222,0.2597
Kone Oyj,0.0,0.3918,0.5182
Koninklijke Ahold Delhaize NV,1.0374,4.5222,9.1435
Koninklijke BAM Groep NV,0.0,1.4969,0.2572
Koninklijke DSM NV,0.5762,1.8861800000000002,1.9030999999999998
Koninklijke Philips NV,2.1183,4.8422,8.6413
Kratos Defense and Security Solutions Inc,0.1722,0.5644,0.4163
Krones AG,0.1922,0.597175,0.625375
Kudelski SA,0.04855,0.93485,0.739
Kuka AG,1.4132,2.6897,0.131
Kungsleden AB,0.0,0.7663,0.853
KushCo Holdings Inc,0.5104,0.5795,0.1423
L Brands Inc,0.0367,1.1366,0.6457
L'Oreal SA,1.5149,2.4589,0.4373
L3harris Technologies Inc,0.1256,0.7877,0.4322
LANXESS AG,0.308,0.67915,1.16275
LEG Immobilien AG,0.6017333333333333,1.2112999999999998,0.8729333333333334
LG Uplus Corp,0.9201,0.4462,0.8916
LPP SA,0.7064,0.7085,1.1202
Lamb Weston Holdings Inc,0.0401,0.3177,0.1139
Lancashire Holdings Ltd,0.24296,0.43964,1.31362
Landec Corp,0.198,2.331,0.3369
Landstar System Inc,0.24562499999999998,0.5248,0.83525
Lanxess AG,0.23845,0.8138,0.394
LeMaitre Vascular Inc,0.1547,0.5746,0.6772
Lear Corp,0.4426,1.20645,0.43220000000000003
Legacy Housing Corp,0.0,0.6216,0.9674
Leggett & Platt Inc,0.1404,0.6254,0.9539
Lennar Corp,0.0364,1.3333,0.8251
Leonardo SpA,0.16875,1.030975,0.428675
Leoni AG,0.05018,0.79294,0.9498000000000001
Liberty Global PLC,0.0,0.4498,0.6558
Lifco AB (publ),0.0,0.1355,0.1063
Light SA,0.36512500000000003,2.856025,1.059775
Limbach Holdings Inc,0.2763,2.6201,0.7729
Limelight Networks Inc,0.0718,1.662,0.2425
Limoneira Co,0.0,0.2212,0.6433
Lincoln National Corp,0.1215,0.2565,1.1854
Lindab International AB,0.5359,0.7809,0.9348
Lindsay Corp,0.16583333333333333,0.8789666666666668,5.433533333333333
Linx SA,0.23062,1.53904,1.03858
Lions Gate Entertainment Corp,0.2281,0.7169,0.6176
LiqTech International Inc,0.3346,0.9312,0.413
Liquidity Services Inc,0.3282,0.5874,0.4488
Livent Corp,0.73515,2.78005,7.4213000000000005
Livongo Health Inc,5.2243,1.5008,0.4254
Localiza Rent a Car SA,0.112875,1.36035,0.82645
Lojas Americanas SA,0.899775,2.5027999999999997,0.6474249999999999
Lonza Group AG,1.383,1.1752,0.3971
Loomis AB,0.0,0.3104,0.5994
Lowe's Companies Inc,0.529,3.259975,0.5525249999999999
Lululemon Athletica Inc,5.1564,2.1164,0.3519
M&T Bank Corp,0.0,0.3754,0.9021
MBIA Inc,0.0,0.4455,8.5252
MHP SE,0.3225,0.3829,1.1712
MKS Instruments Inc,0.15965,0.6158,0.22190000000000001
MPLX LP,0.1924,0.7982,0.1795
MS&AD Insurance Group Holdings Inc,0.4283666666666666,1.8638333333333332,1.4712000000000003
MSC Industrial Direct Co Inc,0.3355,0.5782,0.5088
MTS Systems Corp,0.0,1.2253,4.4738
MTU Aero Engines AG,0.20220000000000002,0.33738,0.6909
Macy's Inc,1.0351,1.60985,0.33885
Maersk Drilling A/S,0.6957,0.2701,1.6059
Magazine Luiza SA,0.2193,0.7469,1.3454
Magellan Financial Group Ltd,0.42905000000000004,1.1792,1.6513499999999999
Maire Tecnimont SpA,0.3214,1.0311,2.6595
Majesco Ltd,0.2756,0.9401,1.8066
Mallinckrodt Plc,2.4935,0.7935,2.4749
Manulife Financial Corp,1.13718,1.1863,1.2379799999999999
Marathon Oil Corp,0.23148,1.71978,2.2166
Marathon Petroleum Corp,0.3639,0.6843,0.4333
Marchex Inc,0.2399,0.5213,0.3727
Marcopolo SA,0.1394,0.4777,0.6688
Marel hf,0.8788199999999999,2.3897199999999996,1.04848
Markel Corp,1.4202,3.663,3.1559
Marsh & McLennan Companies Inc,0.4383,2.4018,1.2485
Masco Corp,0.7706,1.6562,0.5405
Massimo Zanetti Beverage Group SpA,0.0,0.3227666666666667,0.2464333333333333
Mastercard Inc,0.47625,1.5044,0.8549
Mastercraft Boat Holdings Inc,0.0488,1.1111,0.4443
Match Group Inc,1.3596166666666667,1.005825,0.46564999999999995
Maxar Technologies Inc,0.0,1.0192,1.0478
Maxim Integrated Products Inc,0.0,0.5992,0.2004
McCormick & Company Inc,0.1342,1.2118,0.4218
McKesson Corp,1.1467,2.7346,0.6122
Mckesson Corp,0.8696,1.1807,0.8289
Medallia Inc,1.2643,1.5249,0.2904
Medibank Private Ltd,1.2835,1.2579,1.3628
Medivir AB,2.6311,0.681,0.1528
Medtronic PLC,1.7681,1.9041,0.52225
Meitu Inc,2.0733,0.4929,0.7603
Melcor Real Estate Investment Trust,0.665975,1.504675,1.006725
Mercer International Inc,0.28396666666666665,0.9485666666666667,0.4824333333333333
Mercialys SA,0.2902,0.8127,0.9609
Merck & Co Inc,8.3178,3.5565,0.85685
Merck KGaA,0.701825,1.018425,0.419175
Meredith Corp,1.1692,1.4858,0.2117
Mersen SA,0.036333333333333336,0.6723666666666666,0.7303000000000001
Metcash Ltd,0.7751,4.9314,5.0115
Methanex Corp,0.03925,0.43574999999999997,0.6585
Metro Inc,0.6112,4.2104,6.3014
Meyer Burger Technology AG,0.5069,1.8408,1.3415
Milestone Scientific Inc,11.981349999999999,1.0493999999999999,1.7178499999999999
Millicom International Cellular SA,0.37224999999999997,1.453925,0.644225
Mills Estruturas e Servicos de Engenharia SA,0.2985,1.1035,0.9115
Minda Industries Ltd,0.0734,0.4296,1.1401
Misonix Inc,0.982,0.8585,0.4923
Mitek Systems Inc,0.4735,2.0044,0.4805
Moderna Inc,13.6645,1.435175,0.682175
Modine Manufacturing Co,0.0,1.2048,0.6964
Mohawk Industries Inc,0.0,0.7632,0.7366
Molina Healthcare Inc,0.6852,0.2453,0.8378
Momenta Pharmaceuticals Inc,4.8465,0.8788,0.5951
Monash IVF Group Ltd,3.585,3.8076,1.0745
Moneta Money Bank as,0.1077,0.7821,0.94
Monolithic Power Systems Inc,0.2329,0.3652,0.6185
Monro Inc,0.0625,1.9108,0.4713
Morgan Advanced Materials PLC,0.6568,1.4538,0.585
Morinaga & Co Ltd,4.0716,3.3264,0.2405
Morneau Shepell Inc,2.321,2.114,1.5753
MorphoSys AG,2.2713,2.5345,0.95275
Morphosys AG,2.183866666666667,2.226,0.9227333333333334
Movida Participacoes SA,0.24636666666666665,1.9687333333333334,0.7322000000000001
Mowi ASA,0.256,0.8951,0.3739
Muenchener Rueckversicherungs Gesellschaft AG in Muenchen,0.41806666666666664,2.1288666666666667,2.2175
Murphy USA Inc,0.0,0.9494,0.5379
Murray River Organics Ltd,0.3011,1.8957,0.1587
NACCO Industries Inc,0.17447500000000002,1.648225,1.019075
NAOS Small Cap Opportunities Company Ltd,0.1475,0.7718,1.7005
NAPCO Security Technologies Inc,0.6199,0.9067000000000001,0.6524000000000001
NETGEAR Inc,0.072,0.2898,0.7943
NK Lukoil PAO,0.0,0.4065,0.661
NN Group NV,1.3467,3.0486,5.97795
NNIT A/S,0.14700000000000002,1.29325,0.79855
NOW Inc,0.3318,2.1214,0.5095
NTPC Ltd,0.1138,0.5903,0.7113
NTT Docomo Inc,0.24656666666666668,1.4695,1.0776666666666668
NV5 Global Inc,0.0459,1.2274,0.5704
NVIDIA Corp,0.0,0.5167,0.2756
Nanya Technology Corp,0.1793,0.554,0.2042
Napatech A/S,0.33595,1.22995,0.69085
Nasdaq Inc,0.0771,1.5867,1.2221
Naspers Ltd,0.20785,1.40185,2.12735
National Australia Bank Ltd,1.3885,8.355,6.9294
National Bank of Canada,0.48555,2.1626833333333333,1.5081
National Central Cooling Co PJSC,0.0,0.6432,1.4586
National CineMedia Inc,0.7331,0.3772,0.7471
National Energy Services Reunited Corp,0.4042,1.9651,1.3881
National Express Group PLC,0.9034,4.4598,3.8995
National Grid PLC,0.4398000000000001,2.34222,1.10504
National Instruments Corp,0.3756,1.3711,0.1744
National Oilwell Varco Inc,0.3522,1.4658,0.2205
Natura Cosmeticos SA,0.11455,1.2967,0.6857
Navigator Company SA,0.176,0.9441,0.5674
Navigator Holdings Ltd,0.6053,1.0419,1.0178
Navios Maritime Containers LP,0.7847,0.2177,1.1185
Navios Maritime Holdings Inc,0.1873,0.5457,0.665
Nederman Holding AB,0.0,0.3951,0.3916
Neenah Inc,0.360025,1.9278,0.85995
Neinor Homes SA,0.07345,0.2648,1.2282
Nelly Group AB (publ),0.0,0.3408,0.9591
Neo Performance Materials Inc,0.0923,0.5181,0.5424
Neonode Inc,0.0,0.5859,0.736
Nestle SA,2.5483,2.5906,0.7769
NetEnt AB (publ),0.0625,0.512,0.512
Netcompany Group A/S,0.18285,1.4589,0.877675
Netflix Inc,0.2869,0.5976,0.1688
Nevro Corp,4.8096,1.6462,0.2276
New China Life Insurance Co Ltd,1.8112,2.5063,5.1258
New Oriental Education & Technology Group Inc,0.2248,0.3327,0.3264
New Work SE,0.3272,1.6099,0.4385
New World Development Co Ltd,0.3684,2.5153,0.7635
New York Community Bancorp Inc,0.088,0.2964,0.8151
News Corp,0.7816,1.3054,1.1432
Nexstar Media Group Inc,0.073,0.7321,0.7857
Next Biometrics Group ASA,0.2489,0.3957,0.4139
Nextgen Healthcare Inc,1.2451,2.3308,0.6668
Nielsen Holdings PLC,0.1738,2.0577,0.725
Nissan Motor Co Ltd,0.14565,1.85585,1.2864499999999999
Nokia Oyj,0.1126,0.201,0.3504
Nolato AB,0.0,0.0178,0.5705
Nomura Holdings Inc,0.1599,0.2662,0.3768
Nordea Bank Abp,0.2843,2.4808,0.8321
Nordex SE,0.3647,2.3083,0.4935
Norsk Hydro ASA,0.0383,1.7836,0.4923
NorthWestern Corp,0.04895,0.82205,1.30375
Northam Platinum Ltd,0.0991,1.0229,1.8776
Northern Technologies International Corp,0.3756,0.2063,0.9414
Northern Trust Corp,0.1262,0.6766,1.2523
Northrop Grumman Corp,0.0778,1.1235,0.2046
Northstar Realty Europe Corp,0.0,0.5148,1.47255
Norwegian Air Shuttle ASA,0.0804,0.4529,1.4208
Novartis AG,5.47708,2.11396,2.25348
Novavax Inc,13.3157,0.5422,0.6418
Novo Nordisk A/S,4.1302,3.7659,13.3023
Novocure Ltd,5.8115,0.592,0.7462
Novozymes A/S,0.4685,2.25095,4.46685
Nutanix Inc,0.27525,1.7383,0.40025
Nutrien Ltd,0.066625,1.05135,0.4159
OC Oerlikon Corporation Ag Pfaeffikon,0.142375,0.57865,0.5367500000000001
ODP Corp,0.16406818181818184,1.3566363636363636,0.6977181818181818
OMV AG,0.16824999999999998,0.6702250000000001,0.970275
ON Semiconductor Corp,0.2895,0.3161,0.1227
OPKO Health Inc,17.4431,1.1816,0.3276
OUTFRONT Media Inc,0.3261,0.8791,0.1642
OZ Minerals Ltd,0.29318571428571427,1.2440571428571428,0.6738142857142856
Obseva SA,10.3641,1.2668,0.7421
Ocado Group PLC,0.2922,0.3759,0.4098
OceanFirst Financial Corp,0.0,0.4133,0.5636
Oceania Healthcare Ltd,0.6584,0.587,2.2444
Odontoprev SA,0.818575,1.101925,0.815525
Oi SA em Recuperacao Judicial,0.0211,0.9595499999999999,1.34605
Oil and Natural Gas Corporation Ltd,0.0,0.5253,1.297
Okta Inc,0.1342,1.0458,0.3621
Omnicell Inc,0.0,2.9975,1.2664
Oncolytics Biotech Inc,7.6114,1.1895,0.9304
Onespan Inc,0.3731,2.4042,0.6149
Ontex Group NV,0.5893,0.0289,1.1561
OpGen Inc,4.4626,1.6168,2.6308
OraSure Technologies Inc,1.1231,3.4348,10.9833
Orange Belgium SA,0.2567,0.5727,0.5195
Orange Polska SA,0.0863,0.4167,0.4707
Orange SA,0.1354,1.1108,0.5415
Orchard Therapeutics PLC,4.3322,1.7202,0.925
Orexo AB,1.7252,1.03455,0.49695
Orica Ltd,1.8494,6.3387,5.8203
Oriflame Holding AG,0.409,0.4957,0.3439
Orion Oyj,7.1463,1.4874,1.0697
Orkla ASA,0.6026,2.0612,9.9598
Oshkosh Corp,2.2489,9.0533,2.9235
Otello Corporation ASA,1.412,0.2749,17.0068
Otonomy Inc,10.1967,1.1567,0.6815
Outokumpu Oyj,0.142,1.2085,0.6511
Overstock.com Inc,0.0,0.9921,9.7107
Oxford Instruments PLC,0.6266,1.6357,1.0547
PBF Energy Inc,0.0,0.3513,0.2693
PBF Logistics LP,0.0,0.5052,1.3989
PNC Financial Services Group Inc,0.1304,0.8194,0.736025
PPC Ltd,0.1462,1.1251,0.4793
PPG Industries Inc,0.0352,0.5569,0.4041
PRA Group Inc,0.0647,0.9166,0.7168
PTT Exploration and Production PCL,0.0,1.3155,2.0607
Pacific Premier Bancorp Inc,0.0,1.2418,1.3405
PagerDuty Inc,0.425,2.1361,0.4288
Pampa Energia SA,0.112,0.5579,1.0171
Pan American Silver Corp,0.6827,0.3967,0.1775
Parade Technologies Ltd,0.0995,0.1994,0.4612
Park24 Co Ltd,0.0,1.09835,0.3839
Parker-Hannifin Corp,0.19840000000000002,1.551275,0.51715
Partners Group Holding AG,0.1727,2.9072,1.1284
Pason Systems Inc,0.39185,0.9111750000000001,0.667175
Patrizia AG,0.27315,0.46175,1.1899
Patterson-UTI Energy Inc,0.1527,0.445,1.1663
Pembina Pipeline Corp,0.304425,1.041975,0.8074250000000001
Pendal Group Ltd,0.574905,1.7259249999999997,2.090645
People's United Financial Inc,0.76305,2.92295,2.57965
Peoples Bancorp Inc,0.2695,1.2942,0.4446
PepsiCo Inc,0.72,1.4298,0.7287
Perdoceo Education Corp,2.8043,4.9157,0.9915
Perion Network Ltd,0.9996,1.3843,0.7617
PerkinElmer Inc,6.5782,3.0535,0.467
Perpetual Ltd,1.4539499999999999,5.10015,11.4417
Perrigo Company PLC,1.2788000000000002,1.508,0.456
Persimmon PLC,0.7301,4.3138499999999995,1.55985
Persistent Systems Ltd,0.1954,0.7501,0.7042
Petroleo Brasileiro SA Petrobras,0.64188,1.5493000000000001,1.7912199999999998
Peugeot SA,0.9329000000000001,2.58652,1.29758
Peyto Exploration & Development Corp,0.1464,0.4505,1.0229
Pfizer Inc,4.9166,0.7823,0.2885
Pharma Mar SA,0.5917,1.2912,1.1242
Phillips 66,1.5033500000000002,3.60685,1.0768
Phillips 66 Partners LP,0.1115,0.1508,0.7962
Physicians Realty Trust,0.3334,2.0559,0.8348
Pioneer Natural Resources Co,0.0884,0.2958,0.7471
Planet Fitness Inc,1.305,1.238,0.949
Play Communications SA,0.4681,0.5302,0.6183
Plexus Corp,0.0602,0.7374,0.1036
Polaris Inc,0.1865,1.533,0.3715
Polski Koncern Naftowy Orlen SA,0.125,2.4027,1.2511
Polymetal International PLC,0.5533,1.3035,2.7107
Polytec Holding AG,0.3831,0.328,1.1207
Pool Corp,0.6435,1.6086,1.03
Popular Inc,0.2534,0.8949,2.3192
Portola Pharmaceuticals Inc,6.652150000000001,1.10325,0.6597500000000001
PostNL NV,1.1498,2.5916,13.2228
Power Finance Corporation Ltd,0.0,0.9747,1.5561
Powszechny Zaklad Ubezpieczen SA,0.81565,2.6676,2.9465000000000003
Premier Oil PLC,0.0,2.9501,5.0738
PriceSmart Inc,0.171,3.4976,0.7719
Principal Financial Group Inc,0.8526250000000001,2.151875,1.902725
Procter & Gamble Co,0.4454,1.5963,0.9355
Progressive Corp,2.8431,6.0858,7.9948
Prologis Inc,0.25475000000000003,1.15585,0.62265
Prologis Property Mexico SA de CV,0.0,0.1924,0.7523
Prosafe SE,0.346825,1.3647,1.101275
Prosiebensat 1 Media SE,0.427,0.7508,1.1989
Prosperity Bancshares Inc,0.0333,1.4229,0.8027
Proteostasis Therapeutics Inc,4.8568,0.4408,0.9914
Proximus NV,0.6746,0.4818,0.8471
Prudential Financial Inc,0.712875,2.297625,1.646075
PulteGroup Inc,0.8852,0.6157,0.0606
Pure Storage Inc,0.2601,0.5825,0.4864
Pyxis Tankers Inc,0.0,0.0,0.5892
QBE Insurance Group Ltd,0.9128,5.7149,3.4345
QEP Co Inc,0.4253,0.3791,0.36
Qantas Airways Ltd,1.7815,3.8569,7.2302
Qliro Group AB (publ),0.1931333333333333,0.5529333333333334,0.6247666666666667
Quadient SA,0.31939999999999996,1.5385333333333333,0.40903333333333336
Qualcomm Inc,0.11495,0.745125,0.4758
Qualicorp Consultoria e Corretora de Seguros SA,0.65875,1.32925,1.5199
Qualys Inc,0.5212,1.5039,0.5073
Quarterhill Inc,0.1155,2.4182,1.7245
Qube Holdings Ltd,2.3861,4.3592,4.5007
Quotient Technology Inc,0.6255,1.1343,0.8074
R C M Technologies Inc,0.39125,0.52955,0.9614499999999999
R1 RCM Inc,0.0,2.5213,1.6961
RBB Bancorp,0.0,0.2502,0.8042
RCL Foods Ltd,0.41979999999999995,1.4398666666666669,4.200733333333333
RPM International Inc,0.5491,1.5586,3.3247
RPT Realty,0.1168,1.0689,2.2249
RTL Group SA,0.1829,0.8822,0.9607
RWE AG,0.30905,2.1071,1.2275
Radian Group Inc,0.2168,1.6046,1.4367
Radware Ltd,0.10054999999999999,0.95235,0.5010749999999999
Raiffeisen Bank International AG,0.20395,0.451325,1.0183
Randon SA Implementos e Participacoes,0.470725,2.5947750000000003,0.75095
Randstad NV,0.5175666666666666,1.9127999999999998,0.7796666666666666
Raymond James Financial Inc,1.29565,2.62315,2.1698
Raytheon Co,0.0334,1.2246,1.3308
Reach PLC,1.1016,3.4026,0.6464
Reata Pharmaceuticals Inc,7.0738,0.6329,0.5648
Redhill Biopharma Ltd,11.7599,2.0014,0.6572
Reebonz Holding Ltd,0.3804,0.7981,0.7706
Regal Beloit Corp,0.2296,2.0678,0.8481
Regency Centers Corp,0.158,1.2437,0.5188
Regeneron Pharmaceuticals Inc,7.0616,1.3815,0.5136
Regions Financial Corp,0.28075,1.1502,0.866375
Regis Healthcare Ltd,3.2079,4.0637,1.2164
Renaissancere Holdings Ltd,0.2718,0.5466,1.7107
Renewi PLC,0.0,0.8983,0.7261
Republic Services Inc,0.1915,2.7149,0.5154
Resmed Inc,10.6436,2.6635,0.9465
Resources Connection Inc,0.0722,3.1584,0.4025
Restoque Comercio e Confeccoes de Roupas SA,0.1502,1.5712666666666666,1.7523
Retail Opportunity Investments Corp,0.0727,0.3475,0.5737
Retail Properties of America Inc,0.0483,0.5128,0.4094
Rexel SA,1.1869,2.807,11.5319
Rieter Holding AG,0.0,0.1271,0.459
Rio Tinto Ltd,1.2047,6.8868,3.5485
RioCan Real Estate Investment Trust,0.3775,1.3535,0.4663
Roche Holding AG,5.108216666666666,1.2374166666666666,0.7143
Rockwool International A/S,0.21724000000000002,1.0078,1.2784200000000001
Rocky Brands Inc,0.3358,1.7143,0.709
Rogers Communications Inc,0.1872,0.8538,0.3877
Rogers Corp,0.6421,1.7956,0.455
Rolls-Royce Holdings PLC,0.0927,0.6282,0.692
Roots Corp,0.7701,1.7145,0.796
Ros Agro PLC,0.21095,0.330675,0.7357
Rossi Residencial SA,0.0,1.4927,1.5653
Royal Bank of Canada,0.8104,2.1881666666666666,1.3689833333333334
Royal Caribbean Cruises Ltd,0.5431125,0.682925,0.3459625
Royal Mail PLC,0.3595,1.321,0.5979
Ruhnn Holding Ltd,0.5891500000000001,1.89935,0.9095500000000001
Russel Metals Inc,0.28402499999999997,0.8734999999999999,0.79185
Ryanair Holdings PLC,0.1236,0.5235,0.8601
Ryder System Inc,0.0646,0.24,0.7382
S&P Global Inc,0.438,0.8967,1.2076
SAGE Therapeutics Inc,9.5834,1.1228,0.4427
SAP SE,0.7561666666666667,2.418366666666667,1.7626333333333333
SBA Communications Corp,0.0,0.478,0.7765
SBM Offshore NV,0.7554,4.9023,13.7773
SFS Group AG,0.0853,0.8421,0.6261
SG Blocks Inc,0.1748,2.1101,0.7586
SG Fleet Group Ltd,0.1318,0.4887,0.5471
SGL Carbon SE,0.11120000000000001,0.47385,0.72445
SGS SA,0.0378,1.5204,0.4527
SLM Solutions Group AG,0.0,0.9753,0.5392
SMA Solar Technology AG,0.13235,1.17445,0.64615
SMTC Corp,0.0,0.9613,0.2315
SSE PLC,2.2966,9.6227,4.2986
STRABAG SE,0.0,0.6021,2.2797
SYNNEX Corp,0.1744,1.1455,0.4816
Sa Sa International Holdings Ltd,0.6817,0.7462,0.6925
Saf Holland SE (Pre-Reincorporation),0.2712,0.62755,0.643
Saipem SpA,0.20274999999999999,1.720375,0.9528
SalMar ASA,0.4467,1.245,0.815
Salvatore Ferragamo SpA,0.410325,1.258225,0.4324
Salzgitter AG,0.2545,1.1705,0.88635
Samsonite International SA,0.3303,0.9749,0.6588
Sandvik AB,0.09865,0.7611,0.29495
Sanne Group PLC,0.3113,1.6585,0.3029
Sanofi SA,3.16548,1.7679000000000002,1.94326
Sanoma Oyj,1.083,2.0065,0.8245
Santander Consumer USA Holdings Inc,0.7539750000000001,1.720575,1.044375
Santen Pharmaceutical Co Ltd,12.2062,4.8908,0.0
Santos Brasil Participacoes SA,0.0,0.3053,0.716
Sao Martinho SA,0.06455999999999999,0.21303999999999998,1.01656
Saputo Inc,0.36760000000000004,1.4154499999999999,0.7287
Saratoga Investment Corp,0.23315000000000002,0.7039,1.30965
Schaeffler AG,0.3633,0.9379,0.412
Schindler Holding AG,0.35915,1.0622500000000001,0.77295
Schlumberger NV,0.2083,0.8756,0.1833
Schmolz+Bickenbach AG,0.04343333333333333,0.7807,0.7177333333333333
Schneider Electric SE,0.8556,5.8081,5.892
Schnitzer Steel Industries Inc,0.1068,2.5725,0.4556
Schroders PLC,1.3323,7.5811,3.0716
Scotts Miracle-Gro Co,0.91585,2.06435,4.6273
Scout24 AG,0.5521,2.7789,3.8604
SeaSpine Holdings Corp,1.2064,1.38,0.6695
Seacoast Banking Corporation of Florida,0.1149,1.4434,0.969
Securitas AB,0.3256,2.8169,0.6544
Sempra Energy,0.7605,4.9881,0.9878
Sequans Communications SA,0.0818,1.0218,0.1773
Ser Educacional SA,0.2399,1.502,0.6358
Serco Group PLC,0.0,1.5874,1.6408
Serko Ltd,0.6494,2.6929,2.3772
Seven Bank Ltd,0.0,1.9613,0.5433
Seven Group Holdings Ltd,1.5902,6.8784,7.6945
Severn Trent PLC,1.7957,4.0609,1.0003
Shake Shack Inc,0.3341,2.1776,1.2947
Shaw Communications Inc,0.2485,0.436,0.0
Shawcor Ltd (Pre-Merger 1),1.0461,3.5806,2.2899
Shenandoah Telecommunications Co,0.0,0.1328,1.246
Shinsei Bank Ltd,0.73675,1.9105,1.2482
Shoprite Holdings Ltd,0.5584,0.9255,0.9955
Shotspotter Inc,0.1516,1.2435,0.7227
Showa Denko KK,1.5208,4.7022,0.9198
Shriram City Union Finance Ltd,0.3045,0.2357,0.8356
Shriram Transport Finance Company Ltd,0.3949,0.3592,0.832
Shurgard Self Storage SA,0.0,0.0896,0.8387
Siam Cement PCL,0.25923999999999997,0.6407,0.4625
Siemens AG,1.75995,12.5636,2.8051500000000003
Siemens Gamesa Renewable Energy SA,0.167925,1.03185,0.73425
Siemens Healthineers AG,2.2218,1.643,0.7363333333333334
Sierra Wireless Inc,0.0,0.5121,0.4324
Signify NV,0.8301,5.9321,8.409
Sika AG,0.314,1.207,0.7843
Silk Road Medical Inc,8.6431,1.5852,0.6626
Siltronic AG,0.042800000000000005,0.1543,0.7425999999999999
Simcorp A/S,0.2898,0.9369,10.8017
Simmons First National Corp,0.1467,1.1969,0.7193
Simply Good Foods Co,0.4603,0.9163,0.1895
Sims Ltd,0.2047,1.0561,1.04245
Sinclair Broadcast Group Inc,0.37609999999999993,1.9864333333333333,2.7764666666666664
Singapore Exchange Ltd,0.1229,1.5541,0.7801
Singapore Telecommunications Ltd,0.3034,0.51175,1.0232
Sirius XM Holdings Inc,0.7949,0.94,1.0373
Six Flags Entertainment Corp,0.1676,1.0814,0.6874
Skandinaviska Enskilda Banken AB,0.149225,0.627675,0.934225
Skanska AB,0.078325,0.425975,0.639075
Slack Technologies Inc,0.4496,0.8099,0.9776
Slang Worldwide Inc,0.3789,1.7816,1.2081
Smartsheet Inc,0.6609333333333334,2.5875666666666666,0.6879333333333334
Snam SpA,0.1961,1.47145,1.4953
So-Young International Inc,0.2565,1.0787,1.003
Sociedad Quimica y Minera de Chile SA,0.23495,1.258,0.669625
Societa Cattolica di Assicurazione Sc,0.0,0.8347,2.4616
Societe BIC SA,0.9873666666666666,1.8564999999999998,0.3219666666666667
Societe Generale SA,0.57695,2.87635,2.32685
Sodexo SA,1.31025,2.8655,5.6688
SoftBank Corp,0.8381,1.5731,0.6955
Software AG,0.3939,2.5772,1.302
Solar A/S,0.0,0.7728,0.8647666666666667
Solar Industries India Ltd,0.0,0.5847,0.5918
Solocal Group SA,0.4714,1.6166,0.9309
Solvay SA,1.60605,3.9362500000000002,2.42035
Sonic Healthcare Ltd,0.79515,2.0949,0.61805
Sonim Technologies Inc,0.1335,0.8717,0.7935
Sonova Holding AG,0.6815,0.6498,0.4615
Sony Corp,0.44689999999999996,0.36729999999999996,0.93355
Sopra Steria Group SA,0.4779333333333333,1.5821666666666667,8.388166666666667
Sosei Group Corp,2.0957,3.0122,0.3708
Source Energy Services Ltd,0.1872,0.3158,0.7131
South Plains Financial Inc,0.3287,2.8026,0.5129
Southern Co,1.2761,2.9752,1.5396
Southwest Airlines Co,0.45690000000000003,1.4705,1.214525
Spark Infrastructure Group,0.3143,3.8224,15.2626
Spectris PLC,0.3535,0.9212,1.015
Spectrum Brands Holdings Inc,0.2556,2.225,0.645
Spectrum Pharmaceuticals Inc,0.9563,1.2525,1.2999
Spero Therapeutics Inc,9.2136,1.2766,0.0
Spin Master Corp,0.9465,0.5773,0.6346
Spire Inc,1.0228,6.951,3.5319
Sprint Corp,0.0383,0.1949,1.2887
Sprott Resource Holdings Inc,0.0,0.4502,1.9039
Stabilus SA,0.14026666666666668,1.3436666666666668,0.4425666666666667
Stagecoach Group PLC,0.4701,2.1685,1.5361
Standard Chartered PLC,0.1788,0.7829,1.0785
Stanley Black & Decker Inc,0.3634,3.3626,0.4623
Stantec Inc,0.6795,2.45505,1.17205
Starbucks Corp,0.58205,3.048025,0.631525
Steadfast Group Ltd,2.103,11.5202,3.9561
Stolt-Nielsen Ltd,0.334,1.1794,0.9998
Stora Enso Oyj,0.0,0.624,0.3467
Storebrand ASA,0.1688,0.3718,3.201
Strabag SE,0.0,0.9937,1.619
Straumann Holding AG,0.537,1.2953,0.1567
Suedzucker AG,0.9044,0.9238,0.5048
Sul America SA,1.527625,2.8441,1.09955
Sulzer AG,0.7418,1.0427,0.6572
Sumitomo Chemical Co Ltd,0.9628,1.19375,0.7854
Sumitomo Dainippon Pharma Co Ltd,14.743,13.7745,7.9614
Summit Industrial Income REIT,0.1899,0.1753,0.1569
Summit Therapeutics Ltd,8.3604,1.8007,0.6515
Sun Art Retail Group Ltd,1.0798,0.7224,0.728
Sun Communities Inc,0.3461,1.9404,0.5301
Sun Life Financial Inc,0.60896,0.8167,0.85042
Superior Drilling Products Inc,0.20735,0.49644999999999995,0.7091000000000001
Superior Plus Corp,0.0,0.2983,0.4868
Suzano SA,1.0806,1.73165,0.5284
Svenska Cellulosa SCA AB,0.2752,0.0091,0.3204
Swedbank AB,0.2496,0.8348,0.1225
Swedish Match AB,0.229875,0.44220000000000004,0.44742499999999996
Swire Pacific Ltd,0.4008,1.2059,0.544
Swiss Life Holding AG,0.2635,0.1788,1.2955
Swiss Prime Site AG,0.5857,1.08815,1.15545
Swiss Re AG,0.4916125,0.92935,1.5160125
Swiss Steel Holding AG,0.3817,1.4269,0.6996
Swisscom AG,0.23020000000000002,0.73374,2.2818
Symphony Ltd,0.0894,0.8958,1.2996
Symrise AG,0.346,1.9615,0.3449
Synaptics Inc,0.0,0.5075,0.5907
Synchrony Financial,0.2272,0.4242,0.718
Synopsys Inc,1.4994,1.4386,0.3275
Synovus Financial Corp,0.0,1.7505,0.7461
Synthetic Biologics Inc,7.7784,4.0112,1.8042
T-Mobile US Inc,0.40085000000000004,0.7920499999999999,0.5585
T. Rowe Price Group Inc,0.5306,2.1684,1.189
TAL Education Group,1.0255,1.1991,0.8253
TCM Group A/S,0.04906,0.5609,0.77744
TDK Corp,0.0,0.1279,0.6604
TI Fluid Systems PLC,0.0,0.6499,1.3677
TMX Group Ltd,0.0,0.6506,1.2446
TP ICAP PLC,0.4346,3.1831,2.7195
TVA Group Inc,0.0,0.3548,0.8763
TVS Motor Company Ltd,0.3091,0.7266,0.9
TWDC Enterprises 18 Corp,0.0533,1.0023,0.4834
Tabcorp Holdings Ltd,1.2811,6.7536,7.8089
Tactile Systems Technology Inc,10.5927,1.8509,0.4857
Taiwan Mobile Co Ltd,0.24805000000000002,0.670475,0.458575
Taiwan Semiconductor Manufacturing Co Ltd,0.13815,0.43422499999999997,0.587225
Talend SA,0.5577,1.3055,0.3512
Targovax ASA,5.7078,1.3671,0.1674
Tarkett SA,0.836,1.5825,0.7593
Tata Motors Ltd,0.28535,0.48650000000000004,1.05565
Tata Steel Ltd,0.0458,0.68165,1.28645
Tate & Lyle PLC,1.3659,3.015866666666667,0.5163666666666666
Taylor Wimpey PLC,0.10025,0.4905,0.47955
TechnipFMC PLC,0.2059,2.0752,0.3081
Teck Resources Ltd,0.36532,1.9823,1.1528800000000001
Tecnisa SA,0.52945,0.782675,1.016875
Teekay Corp,0.4704,1.8451,1.1286
Tegma Gestao Logistica SA,0.7779,1.8317,0.6142
Teladoc Health Inc,3.46895,2.72425,0.7929999999999999
Teleflex Inc,4.2164,0.9031,0.289
Telefonaktiebolaget LM Ericsson,3.1793,0.9135,7.2278
Telefonica Brasil SA,0.2505,0.7256,0.9011
Telefonica Deutschland Holding AG,0.114,0.554,0.2616
Telenav Inc,0.2176,0.7077,0.0238
Telenet Group Holding NV,0.1764,0.671,0.7829
Telenor ASA,1.63765,3.56995,4.5443
Telkonet Inc,0.8676,1.9881,1.2726
Temenos AG,0.6968,1.8845,0.5107
Tenaris SA,0.286425,0.839575,0.49907500000000005
Tencent Music Entertainment Group,1.3145,3.9645,1.2264
Tenneco Inc,0.2763,0.1082,0.5783
Ternium SA,0.0393,0.0927,1.0929
Tesco PLC,0.0,0.3872,0.1943
Texas Capital Bancshares Inc,0.2394,1.7906,0.6156
Texas Roadhouse Inc,0.2238,0.8288,1.1181
Textron Inc,0.101,0.2799,1.4599
Thai Union Group PCL,0.3913,0.99875,0.98325
Thermo Fisher Scientific Inc,0.6804,1.5582,0.7204
Thule Group AB,0.0,0.2958,0.657
Thyssenkrupp AG,0.0496,2.5783,1.41615
Tidewater Inc,0.2871,0.8156,0.8797
Tidewater Midstream and Infrastructure Ltd,0.0876,0.4485,1.4055
Tim Participacoes SA,0.184,1.3706,0.8179
Tivity Health Inc,2.9996,1.8396,0.4671
Tobii AB,0.358,1.53905,0.12595
TomTom NV,0.2778,0.873,0.5611
Tomra Systems ASA,0.3234666666666667,1.7476,0.6799
Toronto-Dominion Bank,0.8100999999999999,2.3059,1.4378
Total Access Communication PCL,0.0,0.9105,0.5517
Total SA,0.9419,4.4118,3.9964
Total SE,0.2447,1.6879,0.9458
Tpi Composites Inc,1.5954,3.1552,0.7481
TransAtlantic Petroleum Ltd,0.2157,0.1462,1.1805
TransUnion,0.208,1.1512,0.3131
Transat AT Inc,0.06995,0.3775,2.21235
Transcat Inc,0.0,0.6393,0.7875
Transcontinental Inc,0.6388,2.3651600000000004,1.21022
Transmedics Group Inc,6.6469,1.8558,0.3922
Transurban Group,0.7852,3.1702500000000002,5.5831
Travelers Companies Inc,0.0,0.8106,0.7044
Treasury Wine Estates Ltd,0.677,2.2702,0.714
Trican Well Service Ltd,0.2455,0.5991,0.6703
Tricida Inc,15.9174,0.949,1.0829
Trinity Ltd,0.8162,0.645,0.5808
Truist Financial Corp,0.7132499999999999,2.64805,1.089375
Trupanion Inc,0.83775,1.49655,1.14245
Trustmark Corp,0.0,2.8866,3.20815
Tsakos Energy Navigation Ltd,0.1051,0.3244,2.5984
Tsumura & Co,6.6458,5.6788,0.4998
Tui AG,0.9628,1.6813,2.8321
Tullow Oil PLC,0.2541,3.51915,1.6623999999999999
Tupy SA,0.21209999999999998,1.082,0.9401333333333334
Turkiye Garanti Bankasi AS,0.0,0.4945,0.8923
Turkiye Halk Bankasi AS,0.0,0.3936,1.1663
Turkiye Is Bankasi AS,0.6707,1.9233,0.9711
Turning Point Therapeutics Inc,3.9622,0.4785,0.1888
Twin River Worldwide Holdings Inc,0.0751,0.23,1.0693
Twitter Inc,0.2949,1.1747,0.3036
Tyson Foods Inc,3.1963,5.4806,6.2398
U.S. Bancorp,0.122975,0.7591749999999999,0.5907749999999999
U.S. Global Investors Inc,1.005,1.2061,2.3992
UBS Group AG,1.7639,3.5305,10.8023
UCB SA,4.8025,1.7665,0.3756
UNIQA Insurance Group AG,1.9124,1.4826,6.1337
UPL Ltd,0.128,0.331,0.5774
UQM Technologies Inc,0.0,2.6661,3.115
Ubisoft Entertainment SA,0.179,1.0999,0.8617
Ulta Beauty Inc,0.9702,1.6808,0.2262
Ultra Electronics Holdings PLC,0.3754,1.8325,0.6652
Ultragenyx Pharmaceutical Inc,7.0695,0.8412,0.341
Ultrapar Participacoes SA,0.43648,1.7465,0.95716
Umicore SA,1.7124,3.8334,9.2505
Umpqua Holdings Corp,0.082,0.522,0.2342
Under Armour Inc,0.9486,1.6624,0.424
UniFirst Corp,0.0,0.6902,0.5479
Unibail-Rodamco-Westfield SE,0.7385,3.0243,9.7932
Unifi Inc,0.0404,0.748,0.864
Unifin Financiera SAB de CV,0.12895,0.71275,3.167
Unilever NV,1.36415,2.62745,0.6593
Union Bank of India Ltd,0.3217,1.6584,1.32
Union Pacific Corp,0.0908,0.7476,0.3071
Uniper SE,0.18935000000000002,1.17095,0.84305
Unipol Gruppo SpA,0.0519,0.6402,2.8848000000000003
United Airlines Holdings Inc,1.4604,6.8916,7.5039
United Company RUSAL Plc,0.1232,0.5356,1.5665
United Internet AG,0.066,0.6867,0.8582000000000001
United Microelectronics Corp,0.053925,0.6134999999999999,1.1837
United Rentals Inc,0.1932,0.617125,0.563075
UnitedHealth Group Inc,1.3532,2.5776,0.7883
Uniti Group Inc,0.0,0.3756,0.9307
Universal Display Corp,0.14045000000000002,0.4388,0.28145000000000003
Universal Health Services Inc,6.3183,1.0903,0.5758
Ur-Energy Inc,0.4756,1.2225,0.9679
Usinas Siderurgicas de Minas Gerais SA,0.0,0.4982,0.2951
Usinas Siderurgicas de Minas Gerais SA USIMINAS,0.52674,1.04246,0.5453
VEON Ltd,0.4419,1.0941,0.5343
VNV Global Ltd,1.3398,1.3123,0.7897
VOXX International Corp,0.2124,0.7798,0.7903
Vale SA,0.7611833333333333,3.4223666666666666,2.826316666666667
Valero Energy Corp,0.1239,1.3668,0.8623
Valid Solucoes SA,2.001,1.613,0.6138
Vallourec SA,0.8052,2.8075,7.7757
Valmet Oyj,0.0,0.6565,0.52295
Valneva SE,16.4,1.2948,1.1069
Vapotherm Inc,8.9191,0.7941,0.4224
Varian Medical Systems Inc,1.96916,1.8143,0.8087399999999999
Vector Group Ltd,1.0325,0.3888,2.197
Vedanta Ltd,0.7329,2.5556,0.7088
Velan Inc,0.0,1.7066,1.1001
Vericel Corp,1.8734,1.0063,0.5237
Verisk Analytics Inc,0.4324,1.0221,0.7678
Veritex Holdings Inc,0.056,0.6667,1.1708
Verizon Communications Inc,0.23629999999999998,0.69095,0.7411000000000001
Verkkokauppa.com Oyj,0.202375,0.595675,1.098175
Veru Inc,17.4585,0.7009,1.3553
Vestas Wind Systems A/S,0.0342,0.387,0.6097
Via Varejo SA,0.0556,2.0463,0.7616
Viavi Solutions Inc,0.04595,0.3901,0.36824999999999997
Vicor Corp,0.5002,0.7575,0.7794
Vienna Insurance Group AG Wiener Versicherung Gruppe,0.2728,0.2619,1.2885
Vifor Pharma AG,2.78,1.7279,1.0222
Vinci SA,0.6803,1.7474,1.1406
VirTra Inc,0.6066,2.9058,1.0091
Virtu Financial Inc,0.2263,1.1461,1.2134
Visa Inc,1.34025,2.9120999999999997,1.6695
Vistra Corp,0.3019,0.6651,1.257
Vitrolife AB,0.42035,0.383425,0.43295
Vivendi SA,1.58075,2.81685,3.6071500000000003
Volkswagen AG,0.5017,2.171,0.8901
Voltas Ltd,0.0,0.6633,0.9047
Volvo AB,0.4214,2.6763,0.6612
Vonovia SE,0.2565,0.7691,0.8788
Vornado Realty Trust,0.59765,1.007775,0.95095
Voya Financial Inc,0.0,1.5848,1.9447
Vtech Holdings Ltd,2.2636,0.8325,0.9313
W W Grainger Inc,0.39992500000000003,1.99785,0.4974
W. R. Berkley Corp,0.6813,0.4527,1.7374
WAVE Life Sciences Ltd,8.2419,0.8098,0.6734
WD-40 Co,0.1699,0.8169,1.3444
WEC Energy Group Inc,0.0,0.6372,0.8404
WEG SA,0.5602,1.1997333333333333,0.6711666666666667
WH Group Ltd,0.1641,0.6548,1.1091
WM Morrison Supermarkets PLC,0.2914,0.4554,0.4974
WNS (Holdings) Ltd,0.2202,1.3824,0.1049
WPP PLC,0.5281,3.7102,0.5071
WSP Global Inc,0.2865,2.8385,0.4519
Wacker Chemie AG,0.1298,0.2277,0.6931
Wacker Neuson SE,0.0246,0.8063,0.52485
Waddell & Reed Financial Inc,0.2626,2.4392,0.6719
Wajax Corp,0.3432,1.8672,1.9539
Wal Mart de Mexico SAB de CV,0.1107,2.7629,1.3263
Walgreens Boots Alliance Inc,1.9434,2.5885,1.46445
Wallenius Wilhelmsen ASA,0.472575,0.823575,0.421875
Walmart Inc,0.4739,1.7795,0.4272
Wanda Sports Group Co Ltd,3.1929,2.3865,1.085
WashTec AG,0.1369,1.1038,1.163
Washington Real Estate Investment Trust,0.35858,1.4117799999999998,0.72828
Waypoint REIT Ltd,0.3319,1.039,1.3509
Webcentral Group Ltd,0.1546,0.6809,0.6743
Webjet Ltd,0.0,0.5765,0.8686
Webster Financial Corp,0.1931,1.2117,0.4428
Webuild SpA,0.0,0.9663,1.7754
Weingarten Realty Investors,0.5013,0.3621,0.9684
Wells Fargo & Co,0.402,1.8221,1.218225
Welspun Corp Ltd,0.0723,0.4941,1.3122
Wendel SE,2.581,3.3188,1.1917
Werner Enterprises Inc,0.0762,1.3604,0.5413
West Bancorporation Inc,0.0,0.8853,0.6167
West Pharmaceutical Services Inc,1.0559,3.8181,0.1885
Western Areas Ltd,0.3212,0.4781,0.8754
Westlake Chemical Partners LP,0.0356,0.5488,1.8573
Westrock Co,0.0,1.2281,0.2125
Weyerhaeuser Co,0.2262,1.482,0.8262
Wharf Holdings Ltd,0.08246666666666667,0.9229333333333334,0.4691
Wharf Real Estate Investment Company Ltd,0.0,0.5103,0.3013
Whirlpool Corp,0.11103333333333333,0.9528333333333334,0.29219999999999996
Whitbread PLC,0.0408,0.9505,0.4308
Wienerberger AG,0.121775,0.74745,0.478475
WildBrain Ltd,0.7503,0.581,0.9748
Wilh Wilhelmsen Holding ASA,0.7717,1.3668,1.0052
William Hill PLC,0.2695,1.2670000000000001,0.7386
Williams Companies Inc,0.5013,0.988,0.6462
Wincanton PLC,1.2429,1.5351,1.3543
Wintrust Financial Corp,0.0722,0.4161,0.3347
Wolters Kluwer NV,2.7085,5.444,11.9058
World Wrestling Entertainment Inc,0.5367,1.7891,0.4571
Worldline SA,1.4477,4.7757,10.0029
Worley Ltd,1.3208,6.6922,5.8044
Xerox Corp,0.4118,1.5479,0.7236
Xilinx Inc,0.1376,0.9681,0.3085
Xvivo Perfusion AB,2.77025,1.1199249999999998,0.267775
Xylem Inc,0.158,1.452,0.514375
YDUQS Participacoes SA,0.4947,1.3985,1.1639
YRC Worldwide Inc,0.1787,1.0824,0.7424
Yamaha Motor Co Ltd,2.4036,3.7163,0.4029
Yanzhou Coal Mining Co Ltd,0.6819,1.6636,1.0865
Yelp Inc,0.2498,0.6924,1.0646
Yit Oyj,0.0,0.7245,0.9841
Ypsomed Holding AG,2.2965,0.5786,0.7103
Yum China Holdings Inc,0.5095,1.7779,0.5274
ZEAL Network SE,0.20086666666666667,0.6408333333333334,0.6870666666666666
ZEAL Network SE (Pre- Reincorporation),0.2522,0.7922,0.6752
ZIOPHARM Oncology Inc,4.0998,2.3404,0.5886
ZOZO Inc,0.3972,1.8625,0.1681
Zai Lab Ltd,1.0864,3.0989,0.5349
Zealand Pharma A/S,2.898,1.0889,0.7726
Zedge Inc,0.4084,0.7495,0.447
Zenith Bank PLC,0.2583,1.2437,1.65
Zimmer Biomet Holdings Inc,0.455,1.9983,0.1294
Zions Bancorporation NA,0.23925,1.1685,0.8889
Zoetis Inc,3.0232,2.4075,0.8883
Zscaler Inc,0.157,0.8856,0.1555
Zynex Inc,0.667,0.0456,1.6434
a2 Milk Company Ltd,1.1866,0.7718,0.307
aTyr Pharma Inc,3.4122,2.0062,0.4767
bluebird bio Inc,2.1266499999999997,2.26655,0.5493
dormakaba Holding AG,0.23175,1.6458499999999998,1.18465
iA Financial Corporation Inc,0.1556,0.7033,0.2855
iRhythm Technologies Inc,17.8822,0.8197,0.153
mBank SA,0.0,0.4415,1.5326
voestalpine AG,0.32435,0.51495,0.9131
windeln de SE,1.1055,1.6887,0.0
